image_path,person_name,file_name,class_label,binary_label,true_label,true_class,autoencoder_reconstruction_error,autoencoder_prediction,autoencoder_prediction_class
/kaggle/input/datasets/jessicali9530/lfw-dataset/lfw-deepfunneled/lfw-deepfunneled/George_W_Bush/George_W_Bush_0361.jpg,George_W_Bush,George_W_Bush_0361.jpg,normal_authorised,0,0,normal_authorised,0.07008659,1,anomaly_unknown
/kaggle/input/datasets/jessicali9530/lfw-dataset/lfw-deepfunneled/lfw-deepfunneled/Liza_Minnelli/Liza_Minnelli_0007.jpg,Liza_Minnelli,Liza_Minnelli_0007.jpg,anomaly_unknown,1,1,anomaly_unknown,0.03653063,1,anomaly_unknown
/kaggle/input/datasets/jessicali9530/lfw-dataset/lfw-deepfunneled/lfw-deepfunneled/Miguel_Rosseto/Miguel_Rosseto_0001.jpg,Miguel_Rosseto,Miguel_Rosseto_0001.jpg,anomaly_unknown,1,1,anomaly_unknown,0.071057595,1,anomaly_unknown
/kaggle/input/datasets/jessicali9530/lfw-dataset/lfw-deepfunneled/lfw-deepfunneled/Shawn_Bradley/Shawn_Bradley_0001.jpg,Shawn_Bradley,Shawn_Bradley_0001.jpg,anomaly_unknown,1,1,anomaly_unknown,0.043085795,1,anomaly_unknown
/kaggle/input/datasets/jessicali9530/lfw-dataset/lfw-deepfunneled/lfw-deepfunneled/George_W_Bush/George_W_Bush_0496.jpg,George_W_Bush,George_W_Bush_0496.jpg,normal_authorised,0,0,normal_authorised,0.09093731,1,anomaly_unknown
/kaggle/input/datasets/jessicali9530/lfw-dataset/lfw-deepfunneled/lfw-deepfunneled/Ontario_Lett/Ontario_Lett_0001.jpg,Ontario_Lett,Ontario_Lett_0001.jpg,anomaly_unknown,1,1,anomaly_unknown,0.06833676,1,anomaly_unknown
/kaggle/input/datasets/jessicali9530/lfw-dataset/lfw-deepfunneled/lfw-deepfunneled/Colin_Powell/Colin_Powell_0089.jpg,Colin_Powell,Colin_Powell_0089.jpg,normal_authorised,0,0,normal_authorised,0.05750682,1,anomaly_unknown
/kaggle/input/datasets/jessicali9530/lfw-dataset/lfw-deepfunneled/lfw-deepfunneled/Oprah_Winfrey/Oprah_Winfrey_0002.jpg,Oprah_Winfrey,Oprah_Winfrey_0002.jpg,anomaly_unknown,1,1,anomaly_unknown,0.05429615,1,anomaly_unknown
/kaggle/input/datasets/jessicali9530/lfw-dataset/lfw-deepfunneled/lfw-deepfunneled/Donald_Rumsfeld/Donald_Rumsfeld_0053.jpg,Donald_Rumsfeld,Donald_Rumsfeld_0053.jpg,normal_authorised,0,0,normal_authorised,0.062335555,1,anomaly_unknown
/kaggle/input/datasets/jessicali9530/lfw-dataset/lfw-deepfunneled/lfw-deepfunneled/George_W_Bush/George_W_Bush_0233.jpg,George_W_Bush,George_W_Bush_0233.jpg,normal_authorised,0,0,normal_authorised,0.0629342,1,anomaly_unknown
/kaggle/input/datasets/jessicali9530/lfw-dataset/lfw-deepfunneled/lfw-deepfunneled/John_Ashcroft/John_Ashcroft_0029.jpg,John_Ashcroft,John_Ashcroft_0029.jpg,anomaly_unknown,1,1,anomaly_unknown,0.053511314,1,anomaly_unknown
/kaggle/input/datasets/jessicali9530/lfw-dataset/lfw-deepfunneled/lfw-deepfunneled/Gerhard_Schroeder/Gerhard_Schroeder_0097.jpg,Gerhard_Schroeder,Gerhard_Schroeder_0097.jpg,normal_authorised,0,0,normal_authorised,0.04986372,1,anomaly_unknown
/kaggle/input/datasets/jessicali9530/lfw-dataset/lfw-deepfunneled/lfw-deepfunneled/Mary_Frances_Seiter/Mary_Frances_Seiter_0001.jpg,Mary_Frances_Seiter,Mary_Frances_Seiter_0001.jpg,anomaly_unknown,1,1,anomaly_unknown,0.062098775,1,anomaly_unknown
/kaggle/input/datasets/jessicali9530/lfw-dataset/lfw-deepfunneled/lfw-deepfunneled/George_W_Bush/George_W_Bush_0024.jpg,George_W_Bush,George_W_Bush_0024.jpg,normal_authorised,0,0,normal_authorised,0.065050066,1,anomaly_unknown
/kaggle/input/datasets/jessicali9530/lfw-dataset/lfw-deepfunneled/lfw-deepfunneled/Martin_Keown/Martin_Keown_0001.jpg,Martin_Keown,Martin_Keown_0001.jpg,anomaly_unknown,1,1,anomaly_unknown,0.061325178,1,anomaly_unknown
/kaggle/input/datasets/jessicali9530/lfw-dataset/lfw-deepfunneled/lfw-deepfunneled/George_W_Bush/George_W_Bush_0251.jpg,George_W_Bush,George_W_Bush_0251.jpg,normal_authorised,0,0,normal_authorised,0.07319971,1,anomaly_unknown
/kaggle/input/datasets/jessicali9530/lfw-dataset/lfw-deepfunneled/lfw-deepfunneled/Donald_Rumsfeld/Donald_Rumsfeld_0024.jpg,Donald_Rumsfeld,Donald_Rumsfeld_0024.jpg,normal_authorised,0,0,normal_authorised,0.07058748,1,anomaly_unknown
/kaggle/input/datasets/jessicali9530/lfw-dataset/lfw-deepfunneled/lfw-deepfunneled/Ross_Verba/Ross_Verba_0001.jpg,Ross_Verba,Ross_Verba_0001.jpg,anomaly_unknown,1,1,anomaly_unknown,0.060158458,1,anomaly_unknown
/kaggle/input/datasets/jessicali9530/lfw-dataset/lfw-deepfunneled/lfw-deepfunneled/Colin_Powell/Colin_Powell_0128.jpg,Colin_Powell,Colin_Powell_0128.jpg,normal_authorised,0,0,normal_authorised,0.054775003,1,anomaly_unknown
/kaggle/input/datasets/jessicali9530/lfw-dataset/lfw-deepfunneled/lfw-deepfunneled/George_W_Bush/George_W_Bush_0204.jpg,George_W_Bush,George_W_Bush_0204.jpg,normal_authorised,0,0,normal_authorised,0.04423452,1,anomaly_unknown
/kaggle/input/datasets/jessicali9530/lfw-dataset/lfw-deepfunneled/lfw-deepfunneled/George_W_Bush/George_W_Bush_0218.jpg,George_W_Bush,George_W_Bush_0218.jpg,normal_authorised,0,0,normal_authorised,0.076942556,1,anomaly_unknown
/kaggle/input/datasets/jessicali9530/lfw-dataset/lfw-deepfunneled/lfw-deepfunneled/Colin_Powell/Colin_Powell_0023.jpg,Colin_Powell,Colin_Powell_0023.jpg,normal_authorised,0,0,normal_authorised,0.052615,1,anomaly_unknown
/kaggle/input/datasets/jessicali9530/lfw-dataset/lfw-deepfunneled/lfw-deepfunneled/George_W_Bush/George_W_Bush_0517.jpg,George_W_Bush,George_W_Bush_0517.jpg,normal_authorised,0,0,normal_authorised,0.056994416,1,anomaly_unknown
/kaggle/input/datasets/jessicali9530/lfw-dataset/lfw-deepfunneled/lfw-deepfunneled/Jeanne_Moreau/Jeanne_Moreau_0002.jpg,Jeanne_Moreau,Jeanne_Moreau_0002.jpg,anomaly_unknown,1,1,anomaly_unknown,0.07110556,1,anomaly_unknown
/kaggle/input/datasets/jessicali9530/lfw-dataset/lfw-deepfunneled/lfw-deepfunneled/David_Dodge/David_Dodge_0002.jpg,David_Dodge,David_Dodge_0002.jpg,anomaly_unknown,1,1,anomaly_unknown,0.0659145,1,anomaly_unknown
/kaggle/input/datasets/jessicali9530/lfw-dataset/lfw-deepfunneled/lfw-deepfunneled/Colin_Powell/Colin_Powell_0171.jpg,Colin_Powell,Colin_Powell_0171.jpg,normal_authorised,0,0,normal_authorised,0.059421394,1,anomaly_unknown
/kaggle/input/datasets/jessicali9530/lfw-dataset/lfw-deepfunneled/lfw-deepfunneled/Hans_Blix/Hans_Blix_0003.jpg,Hans_Blix,Hans_Blix_0003.jpg,anomaly_unknown,1,1,anomaly_unknown,0.061363705,1,anomaly_unknown
/kaggle/input/datasets/jessicali9530/lfw-dataset/lfw-deepfunneled/lfw-deepfunneled/Tony_Blair/Tony_Blair_0072.jpg,Tony_Blair,Tony_Blair_0072.jpg,normal_authorised,0,0,normal_authorised,0.058318425,1,anomaly_unknown
/kaggle/input/datasets/jessicali9530/lfw-dataset/lfw-deepfunneled/lfw-deepfunneled/Gerhard_Schroeder/Gerhard_Schroeder_0002.jpg,Gerhard_Schroeder,Gerhard_Schroeder_0002.jpg,normal_authorised,0,0,normal_authorised,0.06602597,1,anomaly_unknown
/kaggle/input/datasets/jessicali9530/lfw-dataset/lfw-deepfunneled/lfw-deepfunneled/George_W_Bush/George_W_Bush_0410.jpg,George_W_Bush,George_W_Bush_0410.jpg,normal_authorised,0,0,normal_authorised,0.048948925,1,anomaly_unknown
/kaggle/input/datasets/jessicali9530/lfw-dataset/lfw-deepfunneled/lfw-deepfunneled/Joschka_Fischer/Joschka_Fischer_0011.jpg,Joschka_Fischer,Joschka_Fischer_0011.jpg,anomaly_unknown,1,1,anomaly_unknown,0.054128617,1,anomaly_unknown
/kaggle/input/datasets/jessicali9530/lfw-dataset/lfw-deepfunneled/lfw-deepfunneled/Kevin_Spacey/Kevin_Spacey_0005.jpg,Kevin_Spacey,Kevin_Spacey_0005.jpg,anomaly_unknown,1,1,anomaly_unknown,0.059125498,1,anomaly_unknown
/kaggle/input/datasets/jessicali9530/lfw-dataset/lfw-deepfunneled/lfw-deepfunneled/Tom_Gamboa/Tom_Gamboa_0001.jpg,Tom_Gamboa,Tom_Gamboa_0001.jpg,anomaly_unknown,1,1,anomaly_unknown,0.08656563,1,anomaly_unknown
/kaggle/input/datasets/jessicali9530/lfw-dataset/lfw-deepfunneled/lfw-deepfunneled/Jessica_Lange/Jessica_Lange_0002.jpg,Jessica_Lange,Jessica_Lange_0002.jpg,anomaly_unknown,1,1,anomaly_unknown,0.04956908,1,anomaly_unknown
/kaggle/input/datasets/jessicali9530/lfw-dataset/lfw-deepfunneled/lfw-deepfunneled/Rachel_Griffiths/Rachel_Griffiths_0003.jpg,Rachel_Griffiths,Rachel_Griffiths_0003.jpg,anomaly_unknown,1,1,anomaly_unknown,0.053673767,1,anomaly_unknown
/kaggle/input/datasets/jessicali9530/lfw-dataset/lfw-deepfunneled/lfw-deepfunneled/Gerhard_Schroeder/Gerhard_Schroeder_0076.jpg,Gerhard_Schroeder,Gerhard_Schroeder_0076.jpg,normal_authorised,0,0,normal_authorised,0.05955115,1,anomaly_unknown
/kaggle/input/datasets/jessicali9530/lfw-dataset/lfw-deepfunneled/lfw-deepfunneled/George_W_Bush/George_W_Bush_0283.jpg,George_W_Bush,George_W_Bush_0283.jpg,normal_authorised,0,0,normal_authorised,0.082031995,1,anomaly_unknown
/kaggle/input/datasets/jessicali9530/lfw-dataset/lfw-deepfunneled/lfw-deepfunneled/Franck_Cerutti/Franck_Cerutti_0001.jpg,Franck_Cerutti,Franck_Cerutti_0001.jpg,anomaly_unknown,1,1,anomaly_unknown,0.07081091,1,anomaly_unknown
/kaggle/input/datasets/jessicali9530/lfw-dataset/lfw-deepfunneled/lfw-deepfunneled/Stephane_Rochon/Stephane_Rochon_0001.jpg,Stephane_Rochon,Stephane_Rochon_0001.jpg,anomaly_unknown,1,1,anomaly_unknown,0.08291478,1,anomaly_unknown
/kaggle/input/datasets/jessicali9530/lfw-dataset/lfw-deepfunneled/lfw-deepfunneled/Tony_Blair/Tony_Blair_0056.jpg,Tony_Blair,Tony_Blair_0056.jpg,normal_authorised,0,0,normal_authorised,0.06862223,1,anomaly_unknown
/kaggle/input/datasets/jessicali9530/lfw-dataset/lfw-deepfunneled/lfw-deepfunneled/Thomas_Van_Essen/Thomas_Van_Essen_0001.jpg,Thomas_Van_Essen,Thomas_Van_Essen_0001.jpg,anomaly_unknown,1,1,anomaly_unknown,0.082767375,1,anomaly_unknown
/kaggle/input/datasets/jessicali9530/lfw-dataset/lfw-deepfunneled/lfw-deepfunneled/George_W_Bush/George_W_Bush_0315.jpg,George_W_Bush,George_W_Bush_0315.jpg,normal_authorised,0,0,normal_authorised,0.06036101,1,anomaly_unknown
/kaggle/input/datasets/jessicali9530/lfw-dataset/lfw-deepfunneled/lfw-deepfunneled/George_W_Bush/George_W_Bush_0339.jpg,George_W_Bush,George_W_Bush_0339.jpg,normal_authorised,0,0,normal_authorised,0.07715268,1,anomaly_unknown
/kaggle/input/datasets/jessicali9530/lfw-dataset/lfw-deepfunneled/lfw-deepfunneled/Donald_Rumsfeld/Donald_Rumsfeld_0086.jpg,Donald_Rumsfeld,Donald_Rumsfeld_0086.jpg,normal_authorised,0,0,normal_authorised,0.060075648,1,anomaly_unknown
/kaggle/input/datasets/jessicali9530/lfw-dataset/lfw-deepfunneled/lfw-deepfunneled/Taha_Yassin_Ramadan/Taha_Yassin_Ramadan_0012.jpg,Taha_Yassin_Ramadan,Taha_Yassin_Ramadan_0012.jpg,anomaly_unknown,1,1,anomaly_unknown,0.07260019,1,anomaly_unknown
/kaggle/input/datasets/jessicali9530/lfw-dataset/lfw-deepfunneled/lfw-deepfunneled/George_W_Bush/George_W_Bush_0131.jpg,George_W_Bush,George_W_Bush_0131.jpg,normal_authorised,0,0,normal_authorised,0.04863294,1,anomaly_unknown
/kaggle/input/datasets/jessicali9530/lfw-dataset/lfw-deepfunneled/lfw-deepfunneled/GL_Peiris/GL_Peiris_0002.jpg,GL_Peiris,GL_Peiris_0002.jpg,anomaly_unknown,1,1,anomaly_unknown,0.06785675,1,anomaly_unknown
/kaggle/input/datasets/jessicali9530/lfw-dataset/lfw-deepfunneled/lfw-deepfunneled/Donald_Rumsfeld/Donald_Rumsfeld_0008.jpg,Donald_Rumsfeld,Donald_Rumsfeld_0008.jpg,normal_authorised,0,0,normal_authorised,0.05539237,1,anomaly_unknown
/kaggle/input/datasets/jessicali9530/lfw-dataset/lfw-deepfunneled/lfw-deepfunneled/George_W_Bush/George_W_Bush_0360.jpg,George_W_Bush,George_W_Bush_0360.jpg,normal_authorised,0,0,normal_authorised,0.07096296,1,anomaly_unknown
/kaggle/input/datasets/jessicali9530/lfw-dataset/lfw-deepfunneled/lfw-deepfunneled/Donald_Rumsfeld/Donald_Rumsfeld_0108.jpg,Donald_Rumsfeld,Donald_Rumsfeld_0108.jpg,normal_authorised,0,0,normal_authorised,0.059372697,1,anomaly_unknown
/kaggle/input/datasets/jessicali9530/lfw-dataset/lfw-deepfunneled/lfw-deepfunneled/Ariel_Sharon/Ariel_Sharon_0053.jpg,Ariel_Sharon,Ariel_Sharon_0053.jpg,anomaly_unknown,1,1,anomaly_unknown,0.05999976,1,anomaly_unknown
/kaggle/input/datasets/jessicali9530/lfw-dataset/lfw-deepfunneled/lfw-deepfunneled/Nicolas_Lapentti/Nicolas_Lapentti_0001.jpg,Nicolas_Lapentti,Nicolas_Lapentti_0001.jpg,anomaly_unknown,1,1,anomaly_unknown,0.07415325,1,anomaly_unknown
/kaggle/input/datasets/jessicali9530/lfw-dataset/lfw-deepfunneled/lfw-deepfunneled/Paris_Hilton/Paris_Hilton_0001.jpg,Paris_Hilton,Paris_Hilton_0001.jpg,anomaly_unknown,1,1,anomaly_unknown,0.072467156,1,anomaly_unknown
/kaggle/input/datasets/jessicali9530/lfw-dataset/lfw-deepfunneled/lfw-deepfunneled/George_W_Bush/George_W_Bush_0188.jpg,George_W_Bush,George_W_Bush_0188.jpg,normal_authorised,0,0,normal_authorised,0.048316885,1,anomaly_unknown
/kaggle/input/datasets/jessicali9530/lfw-dataset/lfw-deepfunneled/lfw-deepfunneled/John_F_Kennedy_Jr/John_F_Kennedy_Jr_0002.jpg,John_F_Kennedy_Jr,John_F_Kennedy_Jr_0002.jpg,anomaly_unknown,1,1,anomaly_unknown,0.06623171,1,anomaly_unknown
/kaggle/input/datasets/jessicali9530/lfw-dataset/lfw-deepfunneled/lfw-deepfunneled/Rita_Wilson/Rita_Wilson_0004.jpg,Rita_Wilson,Rita_Wilson_0004.jpg,anomaly_unknown,1,1,anomaly_unknown,0.05940316,1,anomaly_unknown
/kaggle/input/datasets/jessicali9530/lfw-dataset/lfw-deepfunneled/lfw-deepfunneled/George_HW_Bush/George_HW_Bush_0010.jpg,George_HW_Bush,George_HW_Bush_0010.jpg,anomaly_unknown,1,1,anomaly_unknown,0.079409905,1,anomaly_unknown
/kaggle/input/datasets/jessicali9530/lfw-dataset/lfw-deepfunneled/lfw-deepfunneled/Donald_Rumsfeld/Donald_Rumsfeld_0064.jpg,Donald_Rumsfeld,Donald_Rumsfeld_0064.jpg,normal_authorised,0,0,normal_authorised,0.06978676,1,anomaly_unknown
/kaggle/input/datasets/jessicali9530/lfw-dataset/lfw-deepfunneled/lfw-deepfunneled/George_W_Bush/George_W_Bush_0226.jpg,George_W_Bush,George_W_Bush_0226.jpg,normal_authorised,0,0,normal_authorised,0.06537221,1,anomaly_unknown
/kaggle/input/datasets/jessicali9530/lfw-dataset/lfw-deepfunneled/lfw-deepfunneled/Elaine_Chao/Elaine_Chao_0001.jpg,Elaine_Chao,Elaine_Chao_0001.jpg,anomaly_unknown,1,1,anomaly_unknown,0.09539108,1,anomaly_unknown
/kaggle/input/datasets/jessicali9530/lfw-dataset/lfw-deepfunneled/lfw-deepfunneled/George_W_Bush/George_W_Bush_0092.jpg,George_W_Bush,George_W_Bush_0092.jpg,normal_authorised,0,0,normal_authorised,0.06252429,1,anomaly_unknown
/kaggle/input/datasets/jessicali9530/lfw-dataset/lfw-deepfunneled/lfw-deepfunneled/Fidel_Castro/Fidel_Castro_0011.jpg,Fidel_Castro,Fidel_Castro_0011.jpg,anomaly_unknown,1,1,anomaly_unknown,0.06261317,1,anomaly_unknown
/kaggle/input/datasets/jessicali9530/lfw-dataset/lfw-deepfunneled/lfw-deepfunneled/Jon_Voight/Jon_Voight_0002.jpg,Jon_Voight,Jon_Voight_0002.jpg,anomaly_unknown,1,1,anomaly_unknown,0.07338705,1,anomaly_unknown
/kaggle/input/datasets/jessicali9530/lfw-dataset/lfw-deepfunneled/lfw-deepfunneled/Colin_Powell/Colin_Powell_0203.jpg,Colin_Powell,Colin_Powell_0203.jpg,normal_authorised,0,0,normal_authorised,0.056790896,1,anomaly_unknown
/kaggle/input/datasets/jessicali9530/lfw-dataset/lfw-deepfunneled/lfw-deepfunneled/George_W_Bush/George_W_Bush_0171.jpg,George_W_Bush,George_W_Bush_0171.jpg,normal_authorised,0,0,normal_authorised,0.07334518,1,anomaly_unknown
/kaggle/input/datasets/jessicali9530/lfw-dataset/lfw-deepfunneled/lfw-deepfunneled/Joe_Plumeri/Joe_Plumeri_0001.jpg,Joe_Plumeri,Joe_Plumeri_0001.jpg,anomaly_unknown,1,1,anomaly_unknown,0.07046385,1,anomaly_unknown
/kaggle/input/datasets/jessicali9530/lfw-dataset/lfw-deepfunneled/lfw-deepfunneled/George_W_Bush/George_W_Bush_0026.jpg,George_W_Bush,George_W_Bush_0026.jpg,normal_authorised,0,0,normal_authorised,0.064517654,1,anomaly_unknown
/kaggle/input/datasets/jessicali9530/lfw-dataset/lfw-deepfunneled/lfw-deepfunneled/Grace_Dodd/Grace_Dodd_0001.jpg,Grace_Dodd,Grace_Dodd_0001.jpg,anomaly_unknown,1,1,anomaly_unknown,0.07086785,1,anomaly_unknown
/kaggle/input/datasets/jessicali9530/lfw-dataset/lfw-deepfunneled/lfw-deepfunneled/Tom_Koenigs/Tom_Koenigs_0001.jpg,Tom_Koenigs,Tom_Koenigs_0001.jpg,anomaly_unknown,1,1,anomaly_unknown,0.06920425,1,anomaly_unknown
/kaggle/input/datasets/jessicali9530/lfw-dataset/lfw-deepfunneled/lfw-deepfunneled/Elin_Nordegren/Elin_Nordegren_0001.jpg,Elin_Nordegren,Elin_Nordegren_0001.jpg,anomaly_unknown,1,1,anomaly_unknown,0.08107921,1,anomaly_unknown
/kaggle/input/datasets/jessicali9530/lfw-dataset/lfw-deepfunneled/lfw-deepfunneled/Stacy_Dragila/Stacy_Dragila_0001.jpg,Stacy_Dragila,Stacy_Dragila_0001.jpg,anomaly_unknown,1,1,anomaly_unknown,0.06433409,1,anomaly_unknown
/kaggle/input/datasets/jessicali9530/lfw-dataset/lfw-deepfunneled/lfw-deepfunneled/Lindsay_Davenport/Lindsay_Davenport_0009.jpg,Lindsay_Davenport,Lindsay_Davenport_0009.jpg,anomaly_unknown,1,1,anomaly_unknown,0.058071997,1,anomaly_unknown
/kaggle/input/datasets/jessicali9530/lfw-dataset/lfw-deepfunneled/lfw-deepfunneled/George_W_Bush/George_W_Bush_0272.jpg,George_W_Bush,George_W_Bush_0272.jpg,normal_authorised,0,0,normal_authorised,0.07085817,1,anomaly_unknown
/kaggle/input/datasets/jessicali9530/lfw-dataset/lfw-deepfunneled/lfw-deepfunneled/George_W_Bush/George_W_Bush_0411.jpg,George_W_Bush,George_W_Bush_0411.jpg,normal_authorised,0,0,normal_authorised,0.055130076,1,anomaly_unknown
/kaggle/input/datasets/jessicali9530/lfw-dataset/lfw-deepfunneled/lfw-deepfunneled/George_W_Bush/George_W_Bush_0363.jpg,George_W_Bush,George_W_Bush_0363.jpg,normal_authorised,0,0,normal_authorised,0.05800903,1,anomaly_unknown
/kaggle/input/datasets/jessicali9530/lfw-dataset/lfw-deepfunneled/lfw-deepfunneled/Alvaro_Uribe/Alvaro_Uribe_0019.jpg,Alvaro_Uribe,Alvaro_Uribe_0019.jpg,anomaly_unknown,1,1,anomaly_unknown,0.06961283,1,anomaly_unknown
/kaggle/input/datasets/jessicali9530/lfw-dataset/lfw-deepfunneled/lfw-deepfunneled/Hillary_Clinton/Hillary_Clinton_0010.jpg,Hillary_Clinton,Hillary_Clinton_0010.jpg,anomaly_unknown,1,1,anomaly_unknown,0.07182387,1,anomaly_unknown
/kaggle/input/datasets/jessicali9530/lfw-dataset/lfw-deepfunneled/lfw-deepfunneled/Amanda_Plumer/Amanda_Plumer_0001.jpg,Amanda_Plumer,Amanda_Plumer_0001.jpg,anomaly_unknown,1,1,anomaly_unknown,0.07808461,1,anomaly_unknown
/kaggle/input/datasets/jessicali9530/lfw-dataset/lfw-deepfunneled/lfw-deepfunneled/Gerhard_Schroeder/Gerhard_Schroeder_0062.jpg,Gerhard_Schroeder,Gerhard_Schroeder_0062.jpg,normal_authorised,0,0,normal_authorised,0.06655403,1,anomaly_unknown
/kaggle/input/datasets/jessicali9530/lfw-dataset/lfw-deepfunneled/lfw-deepfunneled/Rita_Grande/Rita_Grande_0002.jpg,Rita_Grande,Rita_Grande_0002.jpg,anomaly_unknown,1,1,anomaly_unknown,0.07223746,1,anomaly_unknown
/kaggle/input/datasets/jessicali9530/lfw-dataset/lfw-deepfunneled/lfw-deepfunneled/Jimmy_Kimmel/Jimmy_Kimmel_0001.jpg,Jimmy_Kimmel,Jimmy_Kimmel_0001.jpg,anomaly_unknown,1,1,anomaly_unknown,0.094670735,1,anomaly_unknown
/kaggle/input/datasets/jessicali9530/lfw-dataset/lfw-deepfunneled/lfw-deepfunneled/Hugo_Chavez/Hugo_Chavez_0014.jpg,Hugo_Chavez,Hugo_Chavez_0014.jpg,anomaly_unknown,1,1,anomaly_unknown,0.07547143,1,anomaly_unknown
/kaggle/input/datasets/jessicali9530/lfw-dataset/lfw-deepfunneled/lfw-deepfunneled/Tony_Blair/Tony_Blair_0017.jpg,Tony_Blair,Tony_Blair_0017.jpg,normal_authorised,0,0,normal_authorised,0.07464853,1,anomaly_unknown
/kaggle/input/datasets/jessicali9530/lfw-dataset/lfw-deepfunneled/lfw-deepfunneled/Jean-Pierre_Raffarin/Jean-Pierre_Raffarin_0001.jpg,Jean-Pierre_Raffarin,Jean-Pierre_Raffarin_0001.jpg,anomaly_unknown,1,1,anomaly_unknown,0.05981042,1,anomaly_unknown
/kaggle/input/datasets/jessicali9530/lfw-dataset/lfw-deepfunneled/lfw-deepfunneled/George_W_Bush/George_W_Bush_0256.jpg,George_W_Bush,George_W_Bush_0256.jpg,normal_authorised,0,0,normal_authorised,0.056744486,1,anomaly_unknown
/kaggle/input/datasets/jessicali9530/lfw-dataset/lfw-deepfunneled/lfw-deepfunneled/Gerhard_Schroeder/Gerhard_Schroeder_0100.jpg,Gerhard_Schroeder,Gerhard_Schroeder_0100.jpg,normal_authorised,0,0,normal_authorised,0.080379486,1,anomaly_unknown
/kaggle/input/datasets/jessicali9530/lfw-dataset/lfw-deepfunneled/lfw-deepfunneled/Kjell_Magne_Bondevik/Kjell_Magne_Bondevik_0002.jpg,Kjell_Magne_Bondevik,Kjell_Magne_Bondevik_0002.jpg,anomaly_unknown,1,1,anomaly_unknown,0.052377153,1,anomaly_unknown
/kaggle/input/datasets/jessicali9530/lfw-dataset/lfw-deepfunneled/lfw-deepfunneled/Colin_Powell/Colin_Powell_0236.jpg,Colin_Powell,Colin_Powell_0236.jpg,normal_authorised,0,0,normal_authorised,0.053042557,1,anomaly_unknown
/kaggle/input/datasets/jessicali9530/lfw-dataset/lfw-deepfunneled/lfw-deepfunneled/George_W_Bush/George_W_Bush_0076.jpg,George_W_Bush,George_W_Bush_0076.jpg,normal_authorised,0,0,normal_authorised,0.08244035,1,anomaly_unknown
/kaggle/input/datasets/jessicali9530/lfw-dataset/lfw-deepfunneled/lfw-deepfunneled/Tommy_Franks/Tommy_Franks_0009.jpg,Tommy_Franks,Tommy_Franks_0009.jpg,anomaly_unknown,1,1,anomaly_unknown,0.05715706,1,anomaly_unknown
/kaggle/input/datasets/jessicali9530/lfw-dataset/lfw-deepfunneled/lfw-deepfunneled/Ari_Fleischer/Ari_Fleischer_0011.jpg,Ari_Fleischer,Ari_Fleischer_0011.jpg,anomaly_unknown,1,1,anomaly_unknown,0.09501925,1,anomaly_unknown
/kaggle/input/datasets/jessicali9530/lfw-dataset/lfw-deepfunneled/lfw-deepfunneled/Colin_Powell/Colin_Powell_0167.jpg,Colin_Powell,Colin_Powell_0167.jpg,normal_authorised,0,0,normal_authorised,0.052389357,1,anomaly_unknown
/kaggle/input/datasets/jessicali9530/lfw-dataset/lfw-deepfunneled/lfw-deepfunneled/Gerhard_Schroeder/Gerhard_Schroeder_0077.jpg,Gerhard_Schroeder,Gerhard_Schroeder_0077.jpg,normal_authorised,0,0,normal_authorised,0.077928394,1,anomaly_unknown
/kaggle/input/datasets/jessicali9530/lfw-dataset/lfw-deepfunneled/lfw-deepfunneled/Li_Zhaoxing/Li_Zhaoxing_0004.jpg,Li_Zhaoxing,Li_Zhaoxing_0004.jpg,anomaly_unknown,1,1,anomaly_unknown,0.05940318,1,anomaly_unknown
/kaggle/input/datasets/jessicali9530/lfw-dataset/lfw-deepfunneled/lfw-deepfunneled/Tim_Duncan/Tim_Duncan_0004.jpg,Tim_Duncan,Tim_Duncan_0004.jpg,anomaly_unknown,1,1,anomaly_unknown,0.05362151,1,anomaly_unknown
/kaggle/input/datasets/jessicali9530/lfw-dataset/lfw-deepfunneled/lfw-deepfunneled/George_W_Bush/George_W_Bush_0020.jpg,George_W_Bush,George_W_Bush_0020.jpg,normal_authorised,0,0,normal_authorised,0.067335986,1,anomaly_unknown
/kaggle/input/datasets/jessicali9530/lfw-dataset/lfw-deepfunneled/lfw-deepfunneled/Serena_Williams/Serena_Williams_0020.jpg,Serena_Williams,Serena_Williams_0020.jpg,anomaly_unknown,1,1,anomaly_unknown,0.06640441,1,anomaly_unknown
/kaggle/input/datasets/jessicali9530/lfw-dataset/lfw-deepfunneled/lfw-deepfunneled/George_W_Bush/George_W_Bush_0307.jpg,George_W_Bush,George_W_Bush_0307.jpg,normal_authorised,0,0,normal_authorised,0.07513885,1,anomaly_unknown
/kaggle/input/datasets/jessicali9530/lfw-dataset/lfw-deepfunneled/lfw-deepfunneled/Gerhard_Schroeder/Gerhard_Schroeder_0067.jpg,Gerhard_Schroeder,Gerhard_Schroeder_0067.jpg,normal_authorised,0,0,normal_authorised,0.08236051,1,anomaly_unknown
/kaggle/input/datasets/jessicali9530/lfw-dataset/lfw-deepfunneled/lfw-deepfunneled/Dianne_Feinstein/Dianne_Feinstein_0003.jpg,Dianne_Feinstein,Dianne_Feinstein_0003.jpg,anomaly_unknown,1,1,anomaly_unknown,0.041735,1,anomaly_unknown
/kaggle/input/datasets/jessicali9530/lfw-dataset/lfw-deepfunneled/lfw-deepfunneled/Felix_Doh/Felix_Doh_0001.jpg,Felix_Doh,Felix_Doh_0001.jpg,anomaly_unknown,1,1,anomaly_unknown,0.05127535,1,anomaly_unknown
/kaggle/input/datasets/jessicali9530/lfw-dataset/lfw-deepfunneled/lfw-deepfunneled/Gerhard_Schroeder/Gerhard_Schroeder_0036.jpg,Gerhard_Schroeder,Gerhard_Schroeder_0036.jpg,normal_authorised,0,0,normal_authorised,0.07498631,1,anomaly_unknown
/kaggle/input/datasets/jessicali9530/lfw-dataset/lfw-deepfunneled/lfw-deepfunneled/Vicente_Fernandez/Vicente_Fernandez_0002.jpg,Vicente_Fernandez,Vicente_Fernandez_0002.jpg,anomaly_unknown,1,1,anomaly_unknown,0.06793601,1,anomaly_unknown
/kaggle/input/datasets/jessicali9530/lfw-dataset/lfw-deepfunneled/lfw-deepfunneled/David_Beckham/David_Beckham_0015.jpg,David_Beckham,David_Beckham_0015.jpg,anomaly_unknown,1,1,anomaly_unknown,0.056557193,1,anomaly_unknown
/kaggle/input/datasets/jessicali9530/lfw-dataset/lfw-deepfunneled/lfw-deepfunneled/Jacques_Chirac/Jacques_Chirac_0006.jpg,Jacques_Chirac,Jacques_Chirac_0006.jpg,anomaly_unknown,1,1,anomaly_unknown,0.051218774,1,anomaly_unknown
/kaggle/input/datasets/jessicali9530/lfw-dataset/lfw-deepfunneled/lfw-deepfunneled/George_W_Bush/George_W_Bush_0130.jpg,George_W_Bush,George_W_Bush_0130.jpg,normal_authorised,0,0,normal_authorised,0.079791375,1,anomaly_unknown
/kaggle/input/datasets/jessicali9530/lfw-dataset/lfw-deepfunneled/lfw-deepfunneled/Mahathir_Mohamad/Mahathir_Mohamad_0010.jpg,Mahathir_Mohamad,Mahathir_Mohamad_0010.jpg,anomaly_unknown,1,1,anomaly_unknown,0.074156046,1,anomaly_unknown
/kaggle/input/datasets/jessicali9530/lfw-dataset/lfw-deepfunneled/lfw-deepfunneled/Donald_Rumsfeld/Donald_Rumsfeld_0019.jpg,Donald_Rumsfeld,Donald_Rumsfeld_0019.jpg,normal_authorised,0,0,normal_authorised,0.05670704,1,anomaly_unknown
/kaggle/input/datasets/jessicali9530/lfw-dataset/lfw-deepfunneled/lfw-deepfunneled/Gerhard_Schroeder/Gerhard_Schroeder_0013.jpg,Gerhard_Schroeder,Gerhard_Schroeder_0013.jpg,normal_authorised,0,0,normal_authorised,0.0634653,1,anomaly_unknown
/kaggle/input/datasets/jessicali9530/lfw-dataset/lfw-deepfunneled/lfw-deepfunneled/Colin_Powell/Colin_Powell_0224.jpg,Colin_Powell,Colin_Powell_0224.jpg,normal_authorised,0,0,normal_authorised,0.0645941,1,anomaly_unknown
/kaggle/input/datasets/jessicali9530/lfw-dataset/lfw-deepfunneled/lfw-deepfunneled/Haydar_Aliyev/Haydar_Aliyev_0001.jpg,Haydar_Aliyev,Haydar_Aliyev_0001.jpg,anomaly_unknown,1,1,anomaly_unknown,0.058941647,1,anomaly_unknown
/kaggle/input/datasets/jessicali9530/lfw-dataset/lfw-deepfunneled/lfw-deepfunneled/George_W_Bush/George_W_Bush_0078.jpg,George_W_Bush,George_W_Bush_0078.jpg,normal_authorised,0,0,normal_authorised,0.049334265,1,anomaly_unknown
/kaggle/input/datasets/jessicali9530/lfw-dataset/lfw-deepfunneled/lfw-deepfunneled/Gerhard_Schroeder/Gerhard_Schroeder_0107.jpg,Gerhard_Schroeder,Gerhard_Schroeder_0107.jpg,normal_authorised,0,0,normal_authorised,0.068265095,1,anomaly_unknown
/kaggle/input/datasets/jessicali9530/lfw-dataset/lfw-deepfunneled/lfw-deepfunneled/Donald_Rumsfeld/Donald_Rumsfeld_0073.jpg,Donald_Rumsfeld,Donald_Rumsfeld_0073.jpg,normal_authorised,0,0,normal_authorised,0.067128524,1,anomaly_unknown
/kaggle/input/datasets/jessicali9530/lfw-dataset/lfw-deepfunneled/lfw-deepfunneled/Nicanor_Duarte_Frutos/Nicanor_Duarte_Frutos_0002.jpg,Nicanor_Duarte_Frutos,Nicanor_Duarte_Frutos_0002.jpg,anomaly_unknown,1,1,anomaly_unknown,0.05198639,1,anomaly_unknown
/kaggle/input/datasets/jessicali9530/lfw-dataset/lfw-deepfunneled/lfw-deepfunneled/Carlos_Manuel_Pruneda/Carlos_Manuel_Pruneda_0002.jpg,Carlos_Manuel_Pruneda,Carlos_Manuel_Pruneda_0002.jpg,anomaly_unknown,1,1,anomaly_unknown,0.08128392,1,anomaly_unknown
/kaggle/input/datasets/jessicali9530/lfw-dataset/lfw-deepfunneled/lfw-deepfunneled/Colin_Powell/Colin_Powell_0098.jpg,Colin_Powell,Colin_Powell_0098.jpg,normal_authorised,0,0,normal_authorised,0.048757773,1,anomaly_unknown
/kaggle/input/datasets/jessicali9530/lfw-dataset/lfw-deepfunneled/lfw-deepfunneled/George_W_Bush/George_W_Bush_0281.jpg,George_W_Bush,George_W_Bush_0281.jpg,normal_authorised,0,0,normal_authorised,0.07415748,1,anomaly_unknown
/kaggle/input/datasets/jessicali9530/lfw-dataset/lfw-deepfunneled/lfw-deepfunneled/Donald_Rumsfeld/Donald_Rumsfeld_0079.jpg,Donald_Rumsfeld,Donald_Rumsfeld_0079.jpg,normal_authorised,0,0,normal_authorised,0.061982185,1,anomaly_unknown
/kaggle/input/datasets/jessicali9530/lfw-dataset/lfw-deepfunneled/lfw-deepfunneled/Colin_Powell/Colin_Powell_0059.jpg,Colin_Powell,Colin_Powell_0059.jpg,normal_authorised,0,0,normal_authorised,0.070973985,1,anomaly_unknown
/kaggle/input/datasets/jessicali9530/lfw-dataset/lfw-deepfunneled/lfw-deepfunneled/Colin_Powell/Colin_Powell_0119.jpg,Colin_Powell,Colin_Powell_0119.jpg,normal_authorised,0,0,normal_authorised,0.0497324,1,anomaly_unknown
/kaggle/input/datasets/jessicali9530/lfw-dataset/lfw-deepfunneled/lfw-deepfunneled/Gerhard_Schroeder/Gerhard_Schroeder_0043.jpg,Gerhard_Schroeder,Gerhard_Schroeder_0043.jpg,normal_authorised,0,0,normal_authorised,0.066660985,1,anomaly_unknown
/kaggle/input/datasets/jessicali9530/lfw-dataset/lfw-deepfunneled/lfw-deepfunneled/Christine_Todd_Whitman/Christine_Todd_Whitman_0001.jpg,Christine_Todd_Whitman,Christine_Todd_Whitman_0001.jpg,anomaly_unknown,1,1,anomaly_unknown,0.056378175,1,anomaly_unknown
/kaggle/input/datasets/jessicali9530/lfw-dataset/lfw-deepfunneled/lfw-deepfunneled/Alvaro_Uribe/Alvaro_Uribe_0023.jpg,Alvaro_Uribe,Alvaro_Uribe_0023.jpg,anomaly_unknown,1,1,anomaly_unknown,0.06469376,1,anomaly_unknown
/kaggle/input/datasets/jessicali9530/lfw-dataset/lfw-deepfunneled/lfw-deepfunneled/Ray_Romano/Ray_Romano_0006.jpg,Ray_Romano,Ray_Romano_0006.jpg,anomaly_unknown,1,1,anomaly_unknown,0.044282697,1,anomaly_unknown
/kaggle/input/datasets/jessicali9530/lfw-dataset/lfw-deepfunneled/lfw-deepfunneled/Gerhard_Schroeder/Gerhard_Schroeder_0095.jpg,Gerhard_Schroeder,Gerhard_Schroeder_0095.jpg,normal_authorised,0,0,normal_authorised,0.06245851,1,anomaly_unknown
/kaggle/input/datasets/jessicali9530/lfw-dataset/lfw-deepfunneled/lfw-deepfunneled/Taha_Yassin_Ramadan/Taha_Yassin_Ramadan_0009.jpg,Taha_Yassin_Ramadan,Taha_Yassin_Ramadan_0009.jpg,anomaly_unknown,1,1,anomaly_unknown,0.069224246,1,anomaly_unknown
/kaggle/input/datasets/jessicali9530/lfw-dataset/lfw-deepfunneled/lfw-deepfunneled/Richard_Myers/Richard_Myers_0012.jpg,Richard_Myers,Richard_Myers_0012.jpg,anomaly_unknown,1,1,anomaly_unknown,0.076410234,1,anomaly_unknown
/kaggle/input/datasets/jessicali9530/lfw-dataset/lfw-deepfunneled/lfw-deepfunneled/Gerhard_Schroeder/Gerhard_Schroeder_0074.jpg,Gerhard_Schroeder,Gerhard_Schroeder_0074.jpg,normal_authorised,0,0,normal_authorised,0.05888519,1,anomaly_unknown
/kaggle/input/datasets/jessicali9530/lfw-dataset/lfw-deepfunneled/lfw-deepfunneled/Gerhard_Schroeder/Gerhard_Schroeder_0060.jpg,Gerhard_Schroeder,Gerhard_Schroeder_0060.jpg,normal_authorised,0,0,normal_authorised,0.06921008,1,anomaly_unknown
/kaggle/input/datasets/jessicali9530/lfw-dataset/lfw-deepfunneled/lfw-deepfunneled/Biljana_Plavsic/Biljana_Plavsic_0003.jpg,Biljana_Plavsic,Biljana_Plavsic_0003.jpg,anomaly_unknown,1,1,anomaly_unknown,0.06494706,1,anomaly_unknown
/kaggle/input/datasets/jessicali9530/lfw-dataset/lfw-deepfunneled/lfw-deepfunneled/Gerhard_Schroeder/Gerhard_Schroeder_0019.jpg,Gerhard_Schroeder,Gerhard_Schroeder_0019.jpg,normal_authorised,0,0,normal_authorised,0.050834794,1,anomaly_unknown
/kaggle/input/datasets/jessicali9530/lfw-dataset/lfw-deepfunneled/lfw-deepfunneled/Colin_Powell/Colin_Powell_0052.jpg,Colin_Powell,Colin_Powell_0052.jpg,normal_authorised,0,0,normal_authorised,0.04313893,1,anomaly_unknown
/kaggle/input/datasets/jessicali9530/lfw-dataset/lfw-deepfunneled/lfw-deepfunneled/Eduardo_Duhalde/Eduardo_Duhalde_0005.jpg,Eduardo_Duhalde,Eduardo_Duhalde_0005.jpg,anomaly_unknown,1,1,anomaly_unknown,0.049305767,1,anomaly_unknown
/kaggle/input/datasets/jessicali9530/lfw-dataset/lfw-deepfunneled/lfw-deepfunneled/Tony_Blair/Tony_Blair_0077.jpg,Tony_Blair,Tony_Blair_0077.jpg,normal_authorised,0,0,normal_authorised,0.04408865,1,anomaly_unknown
/kaggle/input/datasets/jessicali9530/lfw-dataset/lfw-deepfunneled/lfw-deepfunneled/Gerhard_Schroeder/Gerhard_Schroeder_0029.jpg,Gerhard_Schroeder,Gerhard_Schroeder_0029.jpg,normal_authorised,0,0,normal_authorised,0.08811703,1,anomaly_unknown
/kaggle/input/datasets/jessicali9530/lfw-dataset/lfw-deepfunneled/lfw-deepfunneled/Gerhard_Schroeder/Gerhard_Schroeder_0070.jpg,Gerhard_Schroeder,Gerhard_Schroeder_0070.jpg,normal_authorised,0,0,normal_authorised,0.07842306,1,anomaly_unknown
/kaggle/input/datasets/jessicali9530/lfw-dataset/lfw-deepfunneled/lfw-deepfunneled/Nestor_Kirchner/Nestor_Kirchner_0016.jpg,Nestor_Kirchner,Nestor_Kirchner_0016.jpg,anomaly_unknown,1,1,anomaly_unknown,0.0706976,1,anomaly_unknown
/kaggle/input/datasets/jessicali9530/lfw-dataset/lfw-deepfunneled/lfw-deepfunneled/Gerhard_Schroeder/Gerhard_Schroeder_0058.jpg,Gerhard_Schroeder,Gerhard_Schroeder_0058.jpg,normal_authorised,0,0,normal_authorised,0.060707923,1,anomaly_unknown
/kaggle/input/datasets/jessicali9530/lfw-dataset/lfw-deepfunneled/lfw-deepfunneled/Colin_Powell/Colin_Powell_0110.jpg,Colin_Powell,Colin_Powell_0110.jpg,normal_authorised,0,0,normal_authorised,0.07917322,1,anomaly_unknown
/kaggle/input/datasets/jessicali9530/lfw-dataset/lfw-deepfunneled/lfw-deepfunneled/George_W_Bush/George_W_Bush_0041.jpg,George_W_Bush,George_W_Bush_0041.jpg,normal_authorised,0,0,normal_authorised,0.044891022,1,anomaly_unknown
/kaggle/input/datasets/jessicali9530/lfw-dataset/lfw-deepfunneled/lfw-deepfunneled/Richard_Norton-Taylor/Richard_Norton-Taylor_0001.jpg,Richard_Norton-Taylor,Richard_Norton-Taylor_0001.jpg,anomaly_unknown,1,1,anomaly_unknown,0.057957407,1,anomaly_unknown
/kaggle/input/datasets/jessicali9530/lfw-dataset/lfw-deepfunneled/lfw-deepfunneled/Richard_Krajicek/Richard_Krajicek_0003.jpg,Richard_Krajicek,Richard_Krajicek_0003.jpg,anomaly_unknown,1,1,anomaly_unknown,0.06156841,1,anomaly_unknown
/kaggle/input/datasets/jessicali9530/lfw-dataset/lfw-deepfunneled/lfw-deepfunneled/Amanda_Beard/Amanda_Beard_0001.jpg,Amanda_Beard,Amanda_Beard_0001.jpg,anomaly_unknown,1,1,anomaly_unknown,0.0842737,1,anomaly_unknown
/kaggle/input/datasets/jessicali9530/lfw-dataset/lfw-deepfunneled/lfw-deepfunneled/Uri_Lopolianski/Uri_Lopolianski_0001.jpg,Uri_Lopolianski,Uri_Lopolianski_0001.jpg,anomaly_unknown,1,1,anomaly_unknown,0.06543389,1,anomaly_unknown
/kaggle/input/datasets/jessicali9530/lfw-dataset/lfw-deepfunneled/lfw-deepfunneled/George_W_Bush/George_W_Bush_0398.jpg,George_W_Bush,George_W_Bush_0398.jpg,normal_authorised,0,0,normal_authorised,0.08926468,1,anomaly_unknown
/kaggle/input/datasets/jessicali9530/lfw-dataset/lfw-deepfunneled/lfw-deepfunneled/Tony_Blair/Tony_Blair_0031.jpg,Tony_Blair,Tony_Blair_0031.jpg,normal_authorised,0,0,normal_authorised,0.09420523,1,anomaly_unknown
/kaggle/input/datasets/jessicali9530/lfw-dataset/lfw-deepfunneled/lfw-deepfunneled/Anjum_Hussain/Anjum_Hussain_0001.jpg,Anjum_Hussain,Anjum_Hussain_0001.jpg,anomaly_unknown,1,1,anomaly_unknown,0.092150085,1,anomaly_unknown
/kaggle/input/datasets/jessicali9530/lfw-dataset/lfw-deepfunneled/lfw-deepfunneled/George_W_Bush/George_W_Bush_0156.jpg,George_W_Bush,George_W_Bush_0156.jpg,normal_authorised,0,0,normal_authorised,0.0840191,1,anomaly_unknown
/kaggle/input/datasets/jessicali9530/lfw-dataset/lfw-deepfunneled/lfw-deepfunneled/Colin_Powell/Colin_Powell_0209.jpg,Colin_Powell,Colin_Powell_0209.jpg,normal_authorised,0,0,normal_authorised,0.04671758,1,anomaly_unknown
/kaggle/input/datasets/jessicali9530/lfw-dataset/lfw-deepfunneled/lfw-deepfunneled/Tony_Blair/Tony_Blair_0062.jpg,Tony_Blair,Tony_Blair_0062.jpg,normal_authorised,0,0,normal_authorised,0.061992627,1,anomaly_unknown
/kaggle/input/datasets/jessicali9530/lfw-dataset/lfw-deepfunneled/lfw-deepfunneled/George_W_Bush/George_W_Bush_0296.jpg,George_W_Bush,George_W_Bush_0296.jpg,normal_authorised,0,0,normal_authorised,0.07419205,1,anomaly_unknown
/kaggle/input/datasets/jessicali9530/lfw-dataset/lfw-deepfunneled/lfw-deepfunneled/Tony_Blair/Tony_Blair_0042.jpg,Tony_Blair,Tony_Blair_0042.jpg,normal_authorised,0,0,normal_authorised,0.09994172,1,anomaly_unknown
/kaggle/input/datasets/jessicali9530/lfw-dataset/lfw-deepfunneled/lfw-deepfunneled/Colin_Powell/Colin_Powell_0055.jpg,Colin_Powell,Colin_Powell_0055.jpg,normal_authorised,0,0,normal_authorised,0.082413204,1,anomaly_unknown
/kaggle/input/datasets/jessicali9530/lfw-dataset/lfw-deepfunneled/lfw-deepfunneled/George_W_Bush/George_W_Bush_0003.jpg,George_W_Bush,George_W_Bush_0003.jpg,normal_authorised,0,0,normal_authorised,0.07476106,1,anomaly_unknown
/kaggle/input/datasets/jessicali9530/lfw-dataset/lfw-deepfunneled/lfw-deepfunneled/Luiz_Felipe_Scolari/Luiz_Felipe_Scolari_0002.jpg,Luiz_Felipe_Scolari,Luiz_Felipe_Scolari_0002.jpg,anomaly_unknown,1,1,anomaly_unknown,0.05158933,1,anomaly_unknown
/kaggle/input/datasets/jessicali9530/lfw-dataset/lfw-deepfunneled/lfw-deepfunneled/George_W_Bush/George_W_Bush_0173.jpg,George_W_Bush,George_W_Bush_0173.jpg,normal_authorised,0,0,normal_authorised,0.06592252,1,anomaly_unknown
/kaggle/input/datasets/jessicali9530/lfw-dataset/lfw-deepfunneled/lfw-deepfunneled/Donald_Rumsfeld/Donald_Rumsfeld_0048.jpg,Donald_Rumsfeld,Donald_Rumsfeld_0048.jpg,normal_authorised,0,0,normal_authorised,0.07814283,1,anomaly_unknown
/kaggle/input/datasets/jessicali9530/lfw-dataset/lfw-deepfunneled/lfw-deepfunneled/Rick_Bragg/Rick_Bragg_0001.jpg,Rick_Bragg,Rick_Bragg_0001.jpg,anomaly_unknown,1,1,anomaly_unknown,0.051436003,1,anomaly_unknown
/kaggle/input/datasets/jessicali9530/lfw-dataset/lfw-deepfunneled/lfw-deepfunneled/George_W_Bush/George_W_Bush_0133.jpg,George_W_Bush,George_W_Bush_0133.jpg,normal_authorised,0,0,normal_authorised,0.059803467,1,anomaly_unknown
/kaggle/input/datasets/jessicali9530/lfw-dataset/lfw-deepfunneled/lfw-deepfunneled/Billy_Andrade/Billy_Andrade_0001.jpg,Billy_Andrade,Billy_Andrade_0001.jpg,anomaly_unknown,1,1,anomaly_unknown,0.06812627,1,anomaly_unknown
/kaggle/input/datasets/jessicali9530/lfw-dataset/lfw-deepfunneled/lfw-deepfunneled/George_W_Bush/George_W_Bush_0112.jpg,George_W_Bush,George_W_Bush_0112.jpg,normal_authorised,0,0,normal_authorised,0.06272182,1,anomaly_unknown
/kaggle/input/datasets/jessicali9530/lfw-dataset/lfw-deepfunneled/lfw-deepfunneled/George_W_Bush/George_W_Bush_0465.jpg,George_W_Bush,George_W_Bush_0465.jpg,normal_authorised,0,0,normal_authorised,0.05770082,1,anomaly_unknown
/kaggle/input/datasets/jessicali9530/lfw-dataset/lfw-deepfunneled/lfw-deepfunneled/Brent_Coles/Brent_Coles_0001.jpg,Brent_Coles,Brent_Coles_0001.jpg,anomaly_unknown,1,1,anomaly_unknown,0.054989107,1,anomaly_unknown
/kaggle/input/datasets/jessicali9530/lfw-dataset/lfw-deepfunneled/lfw-deepfunneled/Ricardo_Lopez_Murphy/Ricardo_Lopez_Murphy_0001.jpg,Ricardo_Lopez_Murphy,Ricardo_Lopez_Murphy_0001.jpg,anomaly_unknown,1,1,anomaly_unknown,0.06590673,1,anomaly_unknown
/kaggle/input/datasets/jessicali9530/lfw-dataset/lfw-deepfunneled/lfw-deepfunneled/Heidi_Fleiss/Heidi_Fleiss_0003.jpg,Heidi_Fleiss,Heidi_Fleiss_0003.jpg,anomaly_unknown,1,1,anomaly_unknown,0.032803927,1,anomaly_unknown
/kaggle/input/datasets/jessicali9530/lfw-dataset/lfw-deepfunneled/lfw-deepfunneled/Gerhard_Schroeder/Gerhard_Schroeder_0022.jpg,Gerhard_Schroeder,Gerhard_Schroeder_0022.jpg,normal_authorised,0,0,normal_authorised,0.07518892,1,anomaly_unknown
/kaggle/input/datasets/jessicali9530/lfw-dataset/lfw-deepfunneled/lfw-deepfunneled/George_W_Bush/George_W_Bush_0068.jpg,George_W_Bush,George_W_Bush_0068.jpg,normal_authorised,0,0,normal_authorised,0.08015498,1,anomaly_unknown
/kaggle/input/datasets/jessicali9530/lfw-dataset/lfw-deepfunneled/lfw-deepfunneled/Jennifer_Keller/Jennifer_Keller_0001.jpg,Jennifer_Keller,Jennifer_Keller_0001.jpg,anomaly_unknown,1,1,anomaly_unknown,0.0547735,1,anomaly_unknown
/kaggle/input/datasets/jessicali9530/lfw-dataset/lfw-deepfunneled/lfw-deepfunneled/Yoriko_Kawaguchi/Yoriko_Kawaguchi_0001.jpg,Yoriko_Kawaguchi,Yoriko_Kawaguchi_0001.jpg,anomaly_unknown,1,1,anomaly_unknown,0.060809143,1,anomaly_unknown
/kaggle/input/datasets/jessicali9530/lfw-dataset/lfw-deepfunneled/lfw-deepfunneled/Travis_Rudolph/Travis_Rudolph_0001.jpg,Travis_Rudolph,Travis_Rudolph_0001.jpg,anomaly_unknown,1,1,anomaly_unknown,0.05754475,1,anomaly_unknown
/kaggle/input/datasets/jessicali9530/lfw-dataset/lfw-deepfunneled/lfw-deepfunneled/Mike_Miller/Mike_Miller_0001.jpg,Mike_Miller,Mike_Miller_0001.jpg,anomaly_unknown,1,1,anomaly_unknown,0.069860734,1,anomaly_unknown
/kaggle/input/datasets/jessicali9530/lfw-dataset/lfw-deepfunneled/lfw-deepfunneled/Mohamed_Benaissa/Mohamed_Benaissa_0002.jpg,Mohamed_Benaissa,Mohamed_Benaissa_0002.jpg,anomaly_unknown,1,1,anomaly_unknown,0.060169116,1,anomaly_unknown
/kaggle/input/datasets/jessicali9530/lfw-dataset/lfw-deepfunneled/lfw-deepfunneled/Hugo_Chavez/Hugo_Chavez_0048.jpg,Hugo_Chavez,Hugo_Chavez_0048.jpg,anomaly_unknown,1,1,anomaly_unknown,0.089233525,1,anomaly_unknown
/kaggle/input/datasets/jessicali9530/lfw-dataset/lfw-deepfunneled/lfw-deepfunneled/Gerhard_Schroeder/Gerhard_Schroeder_0018.jpg,Gerhard_Schroeder,Gerhard_Schroeder_0018.jpg,normal_authorised,0,0,normal_authorised,0.07532319,1,anomaly_unknown
/kaggle/input/datasets/jessicali9530/lfw-dataset/lfw-deepfunneled/lfw-deepfunneled/George_W_Bush/George_W_Bush_0478.jpg,George_W_Bush,George_W_Bush_0478.jpg,normal_authorised,0,0,normal_authorised,0.07040297,1,anomaly_unknown
/kaggle/input/datasets/jessicali9530/lfw-dataset/lfw-deepfunneled/lfw-deepfunneled/Tony_Blair/Tony_Blair_0095.jpg,Tony_Blair,Tony_Blair_0095.jpg,normal_authorised,0,0,normal_authorised,0.075587414,1,anomaly_unknown
/kaggle/input/datasets/jessicali9530/lfw-dataset/lfw-deepfunneled/lfw-deepfunneled/Gerhard_Schroeder/Gerhard_Schroeder_0005.jpg,Gerhard_Schroeder,Gerhard_Schroeder_0005.jpg,normal_authorised,0,0,normal_authorised,0.07102111,1,anomaly_unknown
/kaggle/input/datasets/jessicali9530/lfw-dataset/lfw-deepfunneled/lfw-deepfunneled/Colin_Powell/Colin_Powell_0154.jpg,Colin_Powell,Colin_Powell_0154.jpg,normal_authorised,0,0,normal_authorised,0.06183105,1,anomaly_unknown
/kaggle/input/datasets/jessicali9530/lfw-dataset/lfw-deepfunneled/lfw-deepfunneled/Isaiah_Washington/Isaiah_Washington_0002.jpg,Isaiah_Washington,Isaiah_Washington_0002.jpg,anomaly_unknown,1,1,anomaly_unknown,0.04452036,1,anomaly_unknown
/kaggle/input/datasets/jessicali9530/lfw-dataset/lfw-deepfunneled/lfw-deepfunneled/Tony_Blair/Tony_Blair_0032.jpg,Tony_Blair,Tony_Blair_0032.jpg,normal_authorised,0,0,normal_authorised,0.05803681,1,anomaly_unknown
/kaggle/input/datasets/jessicali9530/lfw-dataset/lfw-deepfunneled/lfw-deepfunneled/Tony_Blair/Tony_Blair_0006.jpg,Tony_Blair,Tony_Blair_0006.jpg,normal_authorised,0,0,normal_authorised,0.050238676,1,anomaly_unknown
/kaggle/input/datasets/jessicali9530/lfw-dataset/lfw-deepfunneled/lfw-deepfunneled/Lindsay_Benko/Lindsay_Benko_0002.jpg,Lindsay_Benko,Lindsay_Benko_0002.jpg,anomaly_unknown,1,1,anomaly_unknown,0.06408268,1,anomaly_unknown
/kaggle/input/datasets/jessicali9530/lfw-dataset/lfw-deepfunneled/lfw-deepfunneled/Anwar_Ibrahim/Anwar_Ibrahim_0001.jpg,Anwar_Ibrahim,Anwar_Ibrahim_0001.jpg,anomaly_unknown,1,1,anomaly_unknown,0.07864188,1,anomaly_unknown
/kaggle/input/datasets/jessicali9530/lfw-dataset/lfw-deepfunneled/lfw-deepfunneled/Wendy_Selig/Wendy_Selig_0001.jpg,Wendy_Selig,Wendy_Selig_0001.jpg,anomaly_unknown,1,1,anomaly_unknown,0.07078296,1,anomaly_unknown
/kaggle/input/datasets/jessicali9530/lfw-dataset/lfw-deepfunneled/lfw-deepfunneled/Tony_Blair/Tony_Blair_0126.jpg,Tony_Blair,Tony_Blair_0126.jpg,normal_authorised,0,0,normal_authorised,0.0636756,1,anomaly_unknown
/kaggle/input/datasets/jessicali9530/lfw-dataset/lfw-deepfunneled/lfw-deepfunneled/Colin_Powell/Colin_Powell_0104.jpg,Colin_Powell,Colin_Powell_0104.jpg,normal_authorised,0,0,normal_authorised,0.051785015,1,anomaly_unknown
/kaggle/input/datasets/jessicali9530/lfw-dataset/lfw-deepfunneled/lfw-deepfunneled/Colin_Powell/Colin_Powell_0020.jpg,Colin_Powell,Colin_Powell_0020.jpg,normal_authorised,0,0,normal_authorised,0.046331782,1,anomaly_unknown
/kaggle/input/datasets/jessicali9530/lfw-dataset/lfw-deepfunneled/lfw-deepfunneled/Kelli_White/Kelli_White_0002.jpg,Kelli_White,Kelli_White_0002.jpg,anomaly_unknown,1,1,anomaly_unknown,0.052629597,1,anomaly_unknown
/kaggle/input/datasets/jessicali9530/lfw-dataset/lfw-deepfunneled/lfw-deepfunneled/Robert_Redford/Robert_Redford_0005.jpg,Robert_Redford,Robert_Redford_0005.jpg,anomaly_unknown,1,1,anomaly_unknown,0.077495575,1,anomaly_unknown
/kaggle/input/datasets/jessicali9530/lfw-dataset/lfw-deepfunneled/lfw-deepfunneled/Leonardo_DiCaprio/Leonardo_DiCaprio_0007.jpg,Leonardo_DiCaprio,Leonardo_DiCaprio_0007.jpg,anomaly_unknown,1,1,anomaly_unknown,0.03621923,1,anomaly_unknown
/kaggle/input/datasets/jessicali9530/lfw-dataset/lfw-deepfunneled/lfw-deepfunneled/Colin_Powell/Colin_Powell_0074.jpg,Colin_Powell,Colin_Powell_0074.jpg,normal_authorised,0,0,normal_authorised,0.05035064,1,anomaly_unknown
/kaggle/input/datasets/jessicali9530/lfw-dataset/lfw-deepfunneled/lfw-deepfunneled/George_W_Bush/George_W_Bush_0187.jpg,George_W_Bush,George_W_Bush_0187.jpg,normal_authorised,0,0,normal_authorised,0.07273065,1,anomaly_unknown
/kaggle/input/datasets/jessicali9530/lfw-dataset/lfw-deepfunneled/lfw-deepfunneled/Lleyton_Hewitt/Lleyton_Hewitt_0003.jpg,Lleyton_Hewitt,Lleyton_Hewitt_0003.jpg,anomaly_unknown,1,1,anomaly_unknown,0.07341581,1,anomaly_unknown
/kaggle/input/datasets/jessicali9530/lfw-dataset/lfw-deepfunneled/lfw-deepfunneled/Joseph_Biden/Joseph_Biden_0003.jpg,Joseph_Biden,Joseph_Biden_0003.jpg,anomaly_unknown,1,1,anomaly_unknown,0.066110276,1,anomaly_unknown
/kaggle/input/datasets/jessicali9530/lfw-dataset/lfw-deepfunneled/lfw-deepfunneled/George_W_Bush/George_W_Bush_0432.jpg,George_W_Bush,George_W_Bush_0432.jpg,normal_authorised,0,0,normal_authorised,0.05657477,1,anomaly_unknown
/kaggle/input/datasets/jessicali9530/lfw-dataset/lfw-deepfunneled/lfw-deepfunneled/Tony_Blair/Tony_Blair_0088.jpg,Tony_Blair,Tony_Blair_0088.jpg,normal_authorised,0,0,normal_authorised,0.060793802,1,anomaly_unknown
/kaggle/input/datasets/jessicali9530/lfw-dataset/lfw-deepfunneled/lfw-deepfunneled/George_W_Bush/George_W_Bush_0077.jpg,George_W_Bush,George_W_Bush_0077.jpg,normal_authorised,0,0,normal_authorised,0.0494417,1,anomaly_unknown
/kaggle/input/datasets/jessicali9530/lfw-dataset/lfw-deepfunneled/lfw-deepfunneled/Richard_Crenna/Richard_Crenna_0001.jpg,Richard_Crenna,Richard_Crenna_0001.jpg,anomaly_unknown,1,1,anomaly_unknown,0.05543135,1,anomaly_unknown
/kaggle/input/datasets/jessicali9530/lfw-dataset/lfw-deepfunneled/lfw-deepfunneled/Tom_Daschle/Tom_Daschle_0006.jpg,Tom_Daschle,Tom_Daschle_0006.jpg,anomaly_unknown,1,1,anomaly_unknown,0.065880485,1,anomaly_unknown
/kaggle/input/datasets/jessicali9530/lfw-dataset/lfw-deepfunneled/lfw-deepfunneled/Colin_Powell/Colin_Powell_0204.jpg,Colin_Powell,Colin_Powell_0204.jpg,normal_authorised,0,0,normal_authorised,0.06597286,1,anomaly_unknown
/kaggle/input/datasets/jessicali9530/lfw-dataset/lfw-deepfunneled/lfw-deepfunneled/Joe_Calzaghe/Joe_Calzaghe_0001.jpg,Joe_Calzaghe,Joe_Calzaghe_0001.jpg,anomaly_unknown,1,1,anomaly_unknown,0.07085907,1,anomaly_unknown
/kaggle/input/datasets/jessicali9530/lfw-dataset/lfw-deepfunneled/lfw-deepfunneled/George_W_Bush/George_W_Bush_0184.jpg,George_W_Bush,George_W_Bush_0184.jpg,normal_authorised,0,0,normal_authorised,0.06878035,1,anomaly_unknown
/kaggle/input/datasets/jessicali9530/lfw-dataset/lfw-deepfunneled/lfw-deepfunneled/Paul_McCartney/Paul_McCartney_0005.jpg,Paul_McCartney,Paul_McCartney_0005.jpg,anomaly_unknown,1,1,anomaly_unknown,0.058993842,1,anomaly_unknown
/kaggle/input/datasets/jessicali9530/lfw-dataset/lfw-deepfunneled/lfw-deepfunneled/Monique_Gagnon-Tremblay/Monique_Gagnon-Tremblay_0001.jpg,Monique_Gagnon-Tremblay,Monique_Gagnon-Tremblay_0001.jpg,anomaly_unknown,1,1,anomaly_unknown,0.053956907,1,anomaly_unknown
/kaggle/input/datasets/jessicali9530/lfw-dataset/lfw-deepfunneled/lfw-deepfunneled/Ricardo_Lagos/Ricardo_Lagos_0017.jpg,Ricardo_Lagos,Ricardo_Lagos_0017.jpg,anomaly_unknown,1,1,anomaly_unknown,0.061730076,1,anomaly_unknown
/kaggle/input/datasets/jessicali9530/lfw-dataset/lfw-deepfunneled/lfw-deepfunneled/Tony_Blair/Tony_Blair_0029.jpg,Tony_Blair,Tony_Blair_0029.jpg,normal_authorised,0,0,normal_authorised,0.051893447,1,anomaly_unknown
/kaggle/input/datasets/jessicali9530/lfw-dataset/lfw-deepfunneled/lfw-deepfunneled/Tim_Lobinger/Tim_Lobinger_0001.jpg,Tim_Lobinger,Tim_Lobinger_0001.jpg,anomaly_unknown,1,1,anomaly_unknown,0.066735044,1,anomaly_unknown
/kaggle/input/datasets/jessicali9530/lfw-dataset/lfw-deepfunneled/lfw-deepfunneled/Tony_Blair/Tony_Blair_0112.jpg,Tony_Blair,Tony_Blair_0112.jpg,normal_authorised,0,0,normal_authorised,0.072638385,1,anomaly_unknown
/kaggle/input/datasets/jessicali9530/lfw-dataset/lfw-deepfunneled/lfw-deepfunneled/George_W_Bush/George_W_Bush_0104.jpg,George_W_Bush,George_W_Bush_0104.jpg,normal_authorised,0,0,normal_authorised,0.06214699,1,anomaly_unknown
/kaggle/input/datasets/jessicali9530/lfw-dataset/lfw-deepfunneled/lfw-deepfunneled/George_W_Bush/George_W_Bush_0042.jpg,George_W_Bush,George_W_Bush_0042.jpg,normal_authorised,0,0,normal_authorised,0.046521395,1,anomaly_unknown
/kaggle/input/datasets/jessicali9530/lfw-dataset/lfw-deepfunneled/lfw-deepfunneled/George_W_Bush/George_W_Bush_0058.jpg,George_W_Bush,George_W_Bush_0058.jpg,normal_authorised,0,0,normal_authorised,0.07057841,1,anomaly_unknown
/kaggle/input/datasets/jessicali9530/lfw-dataset/lfw-deepfunneled/lfw-deepfunneled/Tony_Blair/Tony_Blair_0003.jpg,Tony_Blair,Tony_Blair_0003.jpg,normal_authorised,0,0,normal_authorised,0.04265931,1,anomaly_unknown
/kaggle/input/datasets/jessicali9530/lfw-dataset/lfw-deepfunneled/lfw-deepfunneled/Ron_Gonzales/Ron_Gonzales_0001.jpg,Ron_Gonzales,Ron_Gonzales_0001.jpg,anomaly_unknown,1,1,anomaly_unknown,0.069858134,1,anomaly_unknown
/kaggle/input/datasets/jessicali9530/lfw-dataset/lfw-deepfunneled/lfw-deepfunneled/Britney_Spears/Britney_Spears_0007.jpg,Britney_Spears,Britney_Spears_0007.jpg,anomaly_unknown,1,1,anomaly_unknown,0.08422321,1,anomaly_unknown
/kaggle/input/datasets/jessicali9530/lfw-dataset/lfw-deepfunneled/lfw-deepfunneled/Alvaro_Uribe/Alvaro_Uribe_0031.jpg,Alvaro_Uribe,Alvaro_Uribe_0031.jpg,anomaly_unknown,1,1,anomaly_unknown,0.06767516,1,anomaly_unknown
/kaggle/input/datasets/jessicali9530/lfw-dataset/lfw-deepfunneled/lfw-deepfunneled/George_W_Bush/George_W_Bush_0075.jpg,George_W_Bush,George_W_Bush_0075.jpg,normal_authorised,0,0,normal_authorised,0.055568162,1,anomaly_unknown
/kaggle/input/datasets/jessicali9530/lfw-dataset/lfw-deepfunneled/lfw-deepfunneled/Tony_Blair/Tony_Blair_0108.jpg,Tony_Blair,Tony_Blair_0108.jpg,normal_authorised,0,0,normal_authorised,0.07143578,1,anomaly_unknown
/kaggle/input/datasets/jessicali9530/lfw-dataset/lfw-deepfunneled/lfw-deepfunneled/George_W_Bush/George_W_Bush_0085.jpg,George_W_Bush,George_W_Bush_0085.jpg,normal_authorised,0,0,normal_authorised,0.075528905,1,anomaly_unknown
/kaggle/input/datasets/jessicali9530/lfw-dataset/lfw-deepfunneled/lfw-deepfunneled/Pierce_Brosnan/Pierce_Brosnan_0007.jpg,Pierce_Brosnan,Pierce_Brosnan_0007.jpg,anomaly_unknown,1,1,anomaly_unknown,0.07662301,1,anomaly_unknown
/kaggle/input/datasets/jessicali9530/lfw-dataset/lfw-deepfunneled/lfw-deepfunneled/Mohammad_Khatami/Mohammad_Khatami_0010.jpg,Mohammad_Khatami,Mohammad_Khatami_0010.jpg,anomaly_unknown,1,1,anomaly_unknown,0.09049907,1,anomaly_unknown
/kaggle/input/datasets/jessicali9530/lfw-dataset/lfw-deepfunneled/lfw-deepfunneled/Vincent_Brooks/Vincent_Brooks_0003.jpg,Vincent_Brooks,Vincent_Brooks_0003.jpg,anomaly_unknown,1,1,anomaly_unknown,0.07244073,1,anomaly_unknown
/kaggle/input/datasets/jessicali9530/lfw-dataset/lfw-deepfunneled/lfw-deepfunneled/Svend_Robinson/Svend_Robinson_0001.jpg,Svend_Robinson,Svend_Robinson_0001.jpg,anomaly_unknown,1,1,anomaly_unknown,0.038121734,1,anomaly_unknown
/kaggle/input/datasets/jessicali9530/lfw-dataset/lfw-deepfunneled/lfw-deepfunneled/Winona_Ryder/Winona_Ryder_0003.jpg,Winona_Ryder,Winona_Ryder_0003.jpg,anomaly_unknown,1,1,anomaly_unknown,0.05874801,1,anomaly_unknown
/kaggle/input/datasets/jessicali9530/lfw-dataset/lfw-deepfunneled/lfw-deepfunneled/David_Canary/David_Canary_0001.jpg,David_Canary,David_Canary_0001.jpg,anomaly_unknown,1,1,anomaly_unknown,0.050084636,1,anomaly_unknown
/kaggle/input/datasets/jessicali9530/lfw-dataset/lfw-deepfunneled/lfw-deepfunneled/Steven_Spielberg/Steven_Spielberg_0003.jpg,Steven_Spielberg,Steven_Spielberg_0003.jpg,anomaly_unknown,1,1,anomaly_unknown,0.052063394,1,anomaly_unknown
/kaggle/input/datasets/jessicali9530/lfw-dataset/lfw-deepfunneled/lfw-deepfunneled/Yoo_Jay-Kun/Yoo_Jay-Kun_0001.jpg,Yoo_Jay-Kun,Yoo_Jay-Kun_0001.jpg,anomaly_unknown,1,1,anomaly_unknown,0.05468637,1,anomaly_unknown
/kaggle/input/datasets/jessicali9530/lfw-dataset/lfw-deepfunneled/lfw-deepfunneled/Gordon_Brown/Gordon_Brown_0003.jpg,Gordon_Brown,Gordon_Brown_0003.jpg,anomaly_unknown,1,1,anomaly_unknown,0.075809754,1,anomaly_unknown
/kaggle/input/datasets/jessicali9530/lfw-dataset/lfw-deepfunneled/lfw-deepfunneled/Gerhard_Schroeder/Gerhard_Schroeder_0101.jpg,Gerhard_Schroeder,Gerhard_Schroeder_0101.jpg,normal_authorised,0,0,normal_authorised,0.049477935,1,anomaly_unknown
/kaggle/input/datasets/jessicali9530/lfw-dataset/lfw-deepfunneled/lfw-deepfunneled/Mohammed_Baqir_al-Hakim/Mohammed_Baqir_al-Hakim_0002.jpg,Mohammed_Baqir_al-Hakim,Mohammed_Baqir_al-Hakim_0002.jpg,anomaly_unknown,1,1,anomaly_unknown,0.06240533,1,anomaly_unknown
/kaggle/input/datasets/jessicali9530/lfw-dataset/lfw-deepfunneled/lfw-deepfunneled/Lindsay_Davenport/Lindsay_Davenport_0021.jpg,Lindsay_Davenport,Lindsay_Davenport_0021.jpg,anomaly_unknown,1,1,anomaly_unknown,0.075544365,1,anomaly_unknown
/kaggle/input/datasets/jessicali9530/lfw-dataset/lfw-deepfunneled/lfw-deepfunneled/Elizabeth_Smart/Elizabeth_Smart_0004.jpg,Elizabeth_Smart,Elizabeth_Smart_0004.jpg,anomaly_unknown,1,1,anomaly_unknown,0.070417315,1,anomaly_unknown
/kaggle/input/datasets/jessicali9530/lfw-dataset/lfw-deepfunneled/lfw-deepfunneled/Laurie_Chan/Laurie_Chan_0001.jpg,Laurie_Chan,Laurie_Chan_0001.jpg,anomaly_unknown,1,1,anomaly_unknown,0.057440348,1,anomaly_unknown
/kaggle/input/datasets/jessicali9530/lfw-dataset/lfw-deepfunneled/lfw-deepfunneled/Tiger_Woods/Tiger_Woods_0011.jpg,Tiger_Woods,Tiger_Woods_0011.jpg,anomaly_unknown,1,1,anomaly_unknown,0.05922192,1,anomaly_unknown
/kaggle/input/datasets/jessicali9530/lfw-dataset/lfw-deepfunneled/lfw-deepfunneled/Anna_Chicherova/Anna_Chicherova_0001.jpg,Anna_Chicherova,Anna_Chicherova_0001.jpg,anomaly_unknown,1,1,anomaly_unknown,0.07169999,1,anomaly_unknown
/kaggle/input/datasets/jessicali9530/lfw-dataset/lfw-deepfunneled/lfw-deepfunneled/Simona_Hradil/Simona_Hradil_0001.jpg,Simona_Hradil,Simona_Hradil_0001.jpg,anomaly_unknown,1,1,anomaly_unknown,0.052975312,1,anomaly_unknown
/kaggle/input/datasets/jessicali9530/lfw-dataset/lfw-deepfunneled/lfw-deepfunneled/Dennis_Kucinich/Dennis_Kucinich_0002.jpg,Dennis_Kucinich,Dennis_Kucinich_0002.jpg,anomaly_unknown,1,1,anomaly_unknown,0.07684592,1,anomaly_unknown
/kaggle/input/datasets/jessicali9530/lfw-dataset/lfw-deepfunneled/lfw-deepfunneled/Kirby_Puckett/Kirby_Puckett_0001.jpg,Kirby_Puckett,Kirby_Puckett_0001.jpg,anomaly_unknown,1,1,anomaly_unknown,0.06567048,1,anomaly_unknown
/kaggle/input/datasets/jessicali9530/lfw-dataset/lfw-deepfunneled/lfw-deepfunneled/Colin_Powell/Colin_Powell_0228.jpg,Colin_Powell,Colin_Powell_0228.jpg,normal_authorised,0,0,normal_authorised,0.04838112,1,anomaly_unknown
/kaggle/input/datasets/jessicali9530/lfw-dataset/lfw-deepfunneled/lfw-deepfunneled/Colin_Powell/Colin_Powell_0026.jpg,Colin_Powell,Colin_Powell_0026.jpg,normal_authorised,0,0,normal_authorised,0.059024934,1,anomaly_unknown
/kaggle/input/datasets/jessicali9530/lfw-dataset/lfw-deepfunneled/lfw-deepfunneled/George_W_Bush/George_W_Bush_0001.jpg,George_W_Bush,George_W_Bush_0001.jpg,normal_authorised,0,0,normal_authorised,0.08171687,1,anomaly_unknown
/kaggle/input/datasets/jessicali9530/lfw-dataset/lfw-deepfunneled/lfw-deepfunneled/Felix_Mantilla/Felix_Mantilla_0001.jpg,Felix_Mantilla,Felix_Mantilla_0001.jpg,anomaly_unknown,1,1,anomaly_unknown,0.059588335,1,anomaly_unknown
/kaggle/input/datasets/jessicali9530/lfw-dataset/lfw-deepfunneled/lfw-deepfunneled/Colin_Powell/Colin_Powell_0125.jpg,Colin_Powell,Colin_Powell_0125.jpg,normal_authorised,0,0,normal_authorised,0.08156182,1,anomaly_unknown
/kaggle/input/datasets/jessicali9530/lfw-dataset/lfw-deepfunneled/lfw-deepfunneled/Nate_Huffman/Nate_Huffman_0001.jpg,Nate_Huffman,Nate_Huffman_0001.jpg,anomaly_unknown,1,1,anomaly_unknown,0.06412867,1,anomaly_unknown
/kaggle/input/datasets/jessicali9530/lfw-dataset/lfw-deepfunneled/lfw-deepfunneled/Tony_Blair/Tony_Blair_0012.jpg,Tony_Blair,Tony_Blair_0012.jpg,normal_authorised,0,0,normal_authorised,0.06777895,1,anomaly_unknown
/kaggle/input/datasets/jessicali9530/lfw-dataset/lfw-deepfunneled/lfw-deepfunneled/George_W_Bush/George_W_Bush_0231.jpg,George_W_Bush,George_W_Bush_0231.jpg,normal_authorised,0,0,normal_authorised,0.06394617,1,anomaly_unknown
/kaggle/input/datasets/jessicali9530/lfw-dataset/lfw-deepfunneled/lfw-deepfunneled/Shigeru_Ishiba/Shigeru_Ishiba_0001.jpg,Shigeru_Ishiba,Shigeru_Ishiba_0001.jpg,anomaly_unknown,1,1,anomaly_unknown,0.06499999,1,anomaly_unknown
/kaggle/input/datasets/jessicali9530/lfw-dataset/lfw-deepfunneled/lfw-deepfunneled/George_W_Bush/George_W_Bush_0452.jpg,George_W_Bush,George_W_Bush_0452.jpg,normal_authorised,0,0,normal_authorised,0.07896269,1,anomaly_unknown
/kaggle/input/datasets/jessicali9530/lfw-dataset/lfw-deepfunneled/lfw-deepfunneled/Rene_Antonio_Leon_Rodriguez/Rene_Antonio_Leon_Rodriguez_0001.jpg,Rene_Antonio_Leon_Rodriguez,Rene_Antonio_Leon_Rodriguez_0001.jpg,anomaly_unknown,1,1,anomaly_unknown,0.058924243,1,anomaly_unknown
/kaggle/input/datasets/jessicali9530/lfw-dataset/lfw-deepfunneled/lfw-deepfunneled/Hugo_Chavez/Hugo_Chavez_0019.jpg,Hugo_Chavez,Hugo_Chavez_0019.jpg,anomaly_unknown,1,1,anomaly_unknown,0.05634812,1,anomaly_unknown
/kaggle/input/datasets/jessicali9530/lfw-dataset/lfw-deepfunneled/lfw-deepfunneled/Andrew_Cuomo/Andrew_Cuomo_0001.jpg,Andrew_Cuomo,Andrew_Cuomo_0001.jpg,anomaly_unknown,1,1,anomaly_unknown,0.06817981,1,anomaly_unknown
/kaggle/input/datasets/jessicali9530/lfw-dataset/lfw-deepfunneled/lfw-deepfunneled/Julianne_Moore/Julianne_Moore_0013.jpg,Julianne_Moore,Julianne_Moore_0013.jpg,anomaly_unknown,1,1,anomaly_unknown,0.05579548,1,anomaly_unknown
/kaggle/input/datasets/jessicali9530/lfw-dataset/lfw-deepfunneled/lfw-deepfunneled/Colin_Powell/Colin_Powell_0068.jpg,Colin_Powell,Colin_Powell_0068.jpg,normal_authorised,0,0,normal_authorised,0.068689056,1,anomaly_unknown
/kaggle/input/datasets/jessicali9530/lfw-dataset/lfw-deepfunneled/lfw-deepfunneled/George_W_Bush/George_W_Bush_0013.jpg,George_W_Bush,George_W_Bush_0013.jpg,normal_authorised,0,0,normal_authorised,0.07405041,1,anomaly_unknown
/kaggle/input/datasets/jessicali9530/lfw-dataset/lfw-deepfunneled/lfw-deepfunneled/Christine_Arron/Christine_Arron_0001.jpg,Christine_Arron,Christine_Arron_0001.jpg,anomaly_unknown,1,1,anomaly_unknown,0.05391,1,anomaly_unknown
/kaggle/input/datasets/jessicali9530/lfw-dataset/lfw-deepfunneled/lfw-deepfunneled/Patrick_Kron/Patrick_Kron_0001.jpg,Patrick_Kron,Patrick_Kron_0001.jpg,anomaly_unknown,1,1,anomaly_unknown,0.07670989,1,anomaly_unknown
/kaggle/input/datasets/jessicali9530/lfw-dataset/lfw-deepfunneled/lfw-deepfunneled/John_Edwards/John_Edwards_0004.jpg,John_Edwards,John_Edwards_0004.jpg,anomaly_unknown,1,1,anomaly_unknown,0.03830881,1,anomaly_unknown
/kaggle/input/datasets/jessicali9530/lfw-dataset/lfw-deepfunneled/lfw-deepfunneled/Kathy_Winters/Kathy_Winters_0002.jpg,Kathy_Winters,Kathy_Winters_0002.jpg,anomaly_unknown,1,1,anomaly_unknown,0.06887101,1,anomaly_unknown
/kaggle/input/datasets/jessicali9530/lfw-dataset/lfw-deepfunneled/lfw-deepfunneled/George_W_Bush/George_W_Bush_0060.jpg,George_W_Bush,George_W_Bush_0060.jpg,normal_authorised,0,0,normal_authorised,0.050442286,1,anomaly_unknown
/kaggle/input/datasets/jessicali9530/lfw-dataset/lfw-deepfunneled/lfw-deepfunneled/Heinz_Feldmann/Heinz_Feldmann_0001.jpg,Heinz_Feldmann,Heinz_Feldmann_0001.jpg,anomaly_unknown,1,1,anomaly_unknown,0.083427444,1,anomaly_unknown
/kaggle/input/datasets/jessicali9530/lfw-dataset/lfw-deepfunneled/lfw-deepfunneled/Gerald_Ford/Gerald_Ford_0001.jpg,Gerald_Ford,Gerald_Ford_0001.jpg,anomaly_unknown,1,1,anomaly_unknown,0.05904823,1,anomaly_unknown
/kaggle/input/datasets/jessicali9530/lfw-dataset/lfw-deepfunneled/lfw-deepfunneled/Juan_Carlos_Ferrero/Juan_Carlos_Ferrero_0012.jpg,Juan_Carlos_Ferrero,Juan_Carlos_Ferrero_0012.jpg,anomaly_unknown,1,1,anomaly_unknown,0.08172694,1,anomaly_unknown
/kaggle/input/datasets/jessicali9530/lfw-dataset/lfw-deepfunneled/lfw-deepfunneled/Donald_Rumsfeld/Donald_Rumsfeld_0099.jpg,Donald_Rumsfeld,Donald_Rumsfeld_0099.jpg,normal_authorised,0,0,normal_authorised,0.071023084,1,anomaly_unknown
/kaggle/input/datasets/jessicali9530/lfw-dataset/lfw-deepfunneled/lfw-deepfunneled/Colin_Powell/Colin_Powell_0178.jpg,Colin_Powell,Colin_Powell_0178.jpg,normal_authorised,0,0,normal_authorised,0.04671791,1,anomaly_unknown
/kaggle/input/datasets/jessicali9530/lfw-dataset/lfw-deepfunneled/lfw-deepfunneled/Jennifer_Lopez/Jennifer_Lopez_0013.jpg,Jennifer_Lopez,Jennifer_Lopez_0013.jpg,anomaly_unknown,1,1,anomaly_unknown,0.08072638,1,anomaly_unknown
/kaggle/input/datasets/jessicali9530/lfw-dataset/lfw-deepfunneled/lfw-deepfunneled/Tony_Blair/Tony_Blair_0090.jpg,Tony_Blair,Tony_Blair_0090.jpg,normal_authorised,0,0,normal_authorised,0.06362682,1,anomaly_unknown
/kaggle/input/datasets/jessicali9530/lfw-dataset/lfw-deepfunneled/lfw-deepfunneled/Colin_Powell/Colin_Powell_0124.jpg,Colin_Powell,Colin_Powell_0124.jpg,normal_authorised,0,0,normal_authorised,0.07489022,1,anomaly_unknown
/kaggle/input/datasets/jessicali9530/lfw-dataset/lfw-deepfunneled/lfw-deepfunneled/Tony_Blair/Tony_Blair_0070.jpg,Tony_Blair,Tony_Blair_0070.jpg,normal_authorised,0,0,normal_authorised,0.07711531,1,anomaly_unknown
/kaggle/input/datasets/jessicali9530/lfw-dataset/lfw-deepfunneled/lfw-deepfunneled/Roh_Moo-hyun/Roh_Moo-hyun_0005.jpg,Roh_Moo-hyun,Roh_Moo-hyun_0005.jpg,anomaly_unknown,1,1,anomaly_unknown,0.05894548,1,anomaly_unknown
/kaggle/input/datasets/jessicali9530/lfw-dataset/lfw-deepfunneled/lfw-deepfunneled/Colin_Powell/Colin_Powell_0140.jpg,Colin_Powell,Colin_Powell_0140.jpg,normal_authorised,0,0,normal_authorised,0.0564219,1,anomaly_unknown
/kaggle/input/datasets/jessicali9530/lfw-dataset/lfw-deepfunneled/lfw-deepfunneled/Colin_Powell/Colin_Powell_0084.jpg,Colin_Powell,Colin_Powell_0084.jpg,normal_authorised,0,0,normal_authorised,0.052017447,1,anomaly_unknown
/kaggle/input/datasets/jessicali9530/lfw-dataset/lfw-deepfunneled/lfw-deepfunneled/George_W_Bush/George_W_Bush_0405.jpg,George_W_Bush,George_W_Bush_0405.jpg,normal_authorised,0,0,normal_authorised,0.06575244,1,anomaly_unknown
/kaggle/input/datasets/jessicali9530/lfw-dataset/lfw-deepfunneled/lfw-deepfunneled/Gloria_Macapagal_Arroyo/Gloria_Macapagal_Arroyo_0017.jpg,Gloria_Macapagal_Arroyo,Gloria_Macapagal_Arroyo_0017.jpg,anomaly_unknown,1,1,anomaly_unknown,0.09486948,1,anomaly_unknown
/kaggle/input/datasets/jessicali9530/lfw-dataset/lfw-deepfunneled/lfw-deepfunneled/Donald_Rumsfeld/Donald_Rumsfeld_0114.jpg,Donald_Rumsfeld,Donald_Rumsfeld_0114.jpg,normal_authorised,0,0,normal_authorised,0.10258094,1,anomaly_unknown
/kaggle/input/datasets/jessicali9530/lfw-dataset/lfw-deepfunneled/lfw-deepfunneled/Gerhard_Schroeder/Gerhard_Schroeder_0012.jpg,Gerhard_Schroeder,Gerhard_Schroeder_0012.jpg,normal_authorised,0,0,normal_authorised,0.075601526,1,anomaly_unknown
/kaggle/input/datasets/jessicali9530/lfw-dataset/lfw-deepfunneled/lfw-deepfunneled/Colin_Powell/Colin_Powell_0027.jpg,Colin_Powell,Colin_Powell_0027.jpg,normal_authorised,0,0,normal_authorised,0.08419849,1,anomaly_unknown
/kaggle/input/datasets/jessicali9530/lfw-dataset/lfw-deepfunneled/lfw-deepfunneled/Colin_Powell/Colin_Powell_0021.jpg,Colin_Powell,Colin_Powell_0021.jpg,normal_authorised,0,0,normal_authorised,0.05243132,1,anomaly_unknown
/kaggle/input/datasets/jessicali9530/lfw-dataset/lfw-deepfunneled/lfw-deepfunneled/William_Morrow/William_Morrow_0001.jpg,William_Morrow,William_Morrow_0001.jpg,anomaly_unknown,1,1,anomaly_unknown,0.08692652,1,anomaly_unknown
/kaggle/input/datasets/jessicali9530/lfw-dataset/lfw-deepfunneled/lfw-deepfunneled/Tony_Blair/Tony_Blair_0081.jpg,Tony_Blair,Tony_Blair_0081.jpg,normal_authorised,0,0,normal_authorised,0.07764479,1,anomaly_unknown
/kaggle/input/datasets/jessicali9530/lfw-dataset/lfw-deepfunneled/lfw-deepfunneled/George_W_Bush/George_W_Bush_0009.jpg,George_W_Bush,George_W_Bush_0009.jpg,normal_authorised,0,0,normal_authorised,0.06907609,1,anomaly_unknown
/kaggle/input/datasets/jessicali9530/lfw-dataset/lfw-deepfunneled/lfw-deepfunneled/Leslie_Ann_Woodward/Leslie_Ann_Woodward_0002.jpg,Leslie_Ann_Woodward,Leslie_Ann_Woodward_0002.jpg,anomaly_unknown,1,1,anomaly_unknown,0.047690384,1,anomaly_unknown
/kaggle/input/datasets/jessicali9530/lfw-dataset/lfw-deepfunneled/lfw-deepfunneled/John_Belushi/John_Belushi_0001.jpg,John_Belushi,John_Belushi_0001.jpg,anomaly_unknown,1,1,anomaly_unknown,0.05040114,1,anomaly_unknown
/kaggle/input/datasets/jessicali9530/lfw-dataset/lfw-deepfunneled/lfw-deepfunneled/Debra_Rose/Debra_Rose_0001.jpg,Debra_Rose,Debra_Rose_0001.jpg,anomaly_unknown,1,1,anomaly_unknown,0.051828984,1,anomaly_unknown
/kaggle/input/datasets/jessicali9530/lfw-dataset/lfw-deepfunneled/lfw-deepfunneled/Colin_Powell/Colin_Powell_0162.jpg,Colin_Powell,Colin_Powell_0162.jpg,normal_authorised,0,0,normal_authorised,0.084653914,1,anomaly_unknown
/kaggle/input/datasets/jessicali9530/lfw-dataset/lfw-deepfunneled/lfw-deepfunneled/George_W_Bush/George_W_Bush_0045.jpg,George_W_Bush,George_W_Bush_0045.jpg,normal_authorised,0,0,normal_authorised,0.07660834,1,anomaly_unknown
/kaggle/input/datasets/jessicali9530/lfw-dataset/lfw-deepfunneled/lfw-deepfunneled/George_W_Bush/George_W_Bush_0373.jpg,George_W_Bush,George_W_Bush_0373.jpg,normal_authorised,0,0,normal_authorised,0.050079435,1,anomaly_unknown
/kaggle/input/datasets/jessicali9530/lfw-dataset/lfw-deepfunneled/lfw-deepfunneled/Colin_Powell/Colin_Powell_0160.jpg,Colin_Powell,Colin_Powell_0160.jpg,normal_authorised,0,0,normal_authorised,0.0765202,1,anomaly_unknown
/kaggle/input/datasets/jessicali9530/lfw-dataset/lfw-deepfunneled/lfw-deepfunneled/George_W_Bush/George_W_Bush_0143.jpg,George_W_Bush,George_W_Bush_0143.jpg,normal_authorised,0,0,normal_authorised,0.06577446,1,anomaly_unknown
/kaggle/input/datasets/jessicali9530/lfw-dataset/lfw-deepfunneled/lfw-deepfunneled/Colin_Powell/Colin_Powell_0195.jpg,Colin_Powell,Colin_Powell_0195.jpg,normal_authorised,0,0,normal_authorised,0.048526827,1,anomaly_unknown
/kaggle/input/datasets/jessicali9530/lfw-dataset/lfw-deepfunneled/lfw-deepfunneled/Luis_Figo/Luis_Figo_0002.jpg,Luis_Figo,Luis_Figo_0002.jpg,anomaly_unknown,1,1,anomaly_unknown,0.05812519,1,anomaly_unknown
/kaggle/input/datasets/jessicali9530/lfw-dataset/lfw-deepfunneled/lfw-deepfunneled/Shireen_Amir_Begum/Shireen_Amir_Begum_0001.jpg,Shireen_Amir_Begum,Shireen_Amir_Begum_0001.jpg,anomaly_unknown,1,1,anomaly_unknown,0.0767715,1,anomaly_unknown
/kaggle/input/datasets/jessicali9530/lfw-dataset/lfw-deepfunneled/lfw-deepfunneled/Gerhard_Schroeder/Gerhard_Schroeder_0057.jpg,Gerhard_Schroeder,Gerhard_Schroeder_0057.jpg,normal_authorised,0,0,normal_authorised,0.07473174,1,anomaly_unknown
/kaggle/input/datasets/jessicali9530/lfw-dataset/lfw-deepfunneled/lfw-deepfunneled/Teresa_Worbis/Teresa_Worbis_0001.jpg,Teresa_Worbis,Teresa_Worbis_0001.jpg,anomaly_unknown,1,1,anomaly_unknown,0.06790028,1,anomaly_unknown
/kaggle/input/datasets/jessicali9530/lfw-dataset/lfw-deepfunneled/lfw-deepfunneled/George_W_Bush/George_W_Bush_0031.jpg,George_W_Bush,George_W_Bush_0031.jpg,normal_authorised,0,0,normal_authorised,0.08158426,1,anomaly_unknown
/kaggle/input/datasets/jessicali9530/lfw-dataset/lfw-deepfunneled/lfw-deepfunneled/George_W_Bush/George_W_Bush_0274.jpg,George_W_Bush,George_W_Bush_0274.jpg,normal_authorised,0,0,normal_authorised,0.04762212,1,anomaly_unknown
/kaggle/input/datasets/jessicali9530/lfw-dataset/lfw-deepfunneled/lfw-deepfunneled/Bo_Pelini/Bo_Pelini_0001.jpg,Bo_Pelini,Bo_Pelini_0001.jpg,anomaly_unknown,1,1,anomaly_unknown,0.05993158,1,anomaly_unknown
/kaggle/input/datasets/jessicali9530/lfw-dataset/lfw-deepfunneled/lfw-deepfunneled/Donald_Rumsfeld/Donald_Rumsfeld_0120.jpg,Donald_Rumsfeld,Donald_Rumsfeld_0120.jpg,normal_authorised,0,0,normal_authorised,0.049441174,1,anomaly_unknown
/kaggle/input/datasets/jessicali9530/lfw-dataset/lfw-deepfunneled/lfw-deepfunneled/Dave_Lewis/Dave_Lewis_0001.jpg,Dave_Lewis,Dave_Lewis_0001.jpg,anomaly_unknown,1,1,anomaly_unknown,0.060328204,1,anomaly_unknown
/kaggle/input/datasets/jessicali9530/lfw-dataset/lfw-deepfunneled/lfw-deepfunneled/George_W_Bush/George_W_Bush_0451.jpg,George_W_Bush,George_W_Bush_0451.jpg,normal_authorised,0,0,normal_authorised,0.06471139,1,anomaly_unknown
/kaggle/input/datasets/jessicali9530/lfw-dataset/lfw-deepfunneled/lfw-deepfunneled/Roh_Moo-hyun/Roh_Moo-hyun_0019.jpg,Roh_Moo-hyun,Roh_Moo-hyun_0019.jpg,anomaly_unknown,1,1,anomaly_unknown,0.043921404,1,anomaly_unknown
/kaggle/input/datasets/jessicali9530/lfw-dataset/lfw-deepfunneled/lfw-deepfunneled/Jane_Pauley/Jane_Pauley_0001.jpg,Jane_Pauley,Jane_Pauley_0001.jpg,anomaly_unknown,1,1,anomaly_unknown,0.04992575,1,anomaly_unknown
/kaggle/input/datasets/jessicali9530/lfw-dataset/lfw-deepfunneled/lfw-deepfunneled/George_W_Bush/George_W_Bush_0493.jpg,George_W_Bush,George_W_Bush_0493.jpg,normal_authorised,0,0,normal_authorised,0.07224499,1,anomaly_unknown
/kaggle/input/datasets/jessicali9530/lfw-dataset/lfw-deepfunneled/lfw-deepfunneled/George_W_Bush/George_W_Bush_0504.jpg,George_W_Bush,George_W_Bush_0504.jpg,normal_authorised,0,0,normal_authorised,0.07634692,1,anomaly_unknown
/kaggle/input/datasets/jessicali9530/lfw-dataset/lfw-deepfunneled/lfw-deepfunneled/George_W_Bush/George_W_Bush_0378.jpg,George_W_Bush,George_W_Bush_0378.jpg,normal_authorised,0,0,normal_authorised,0.05946823,1,anomaly_unknown
/kaggle/input/datasets/jessicali9530/lfw-dataset/lfw-deepfunneled/lfw-deepfunneled/Paradorn_Srichaphan/Paradorn_Srichaphan_0004.jpg,Paradorn_Srichaphan,Paradorn_Srichaphan_0004.jpg,anomaly_unknown,1,1,anomaly_unknown,0.083747834,1,anomaly_unknown
/kaggle/input/datasets/jessicali9530/lfw-dataset/lfw-deepfunneled/lfw-deepfunneled/Arturo_Gatti/Arturo_Gatti_0002.jpg,Arturo_Gatti,Arturo_Gatti_0002.jpg,anomaly_unknown,1,1,anomaly_unknown,0.07498571,1,anomaly_unknown
/kaggle/input/datasets/jessicali9530/lfw-dataset/lfw-deepfunneled/lfw-deepfunneled/Muhammad_Ali/Muhammad_Ali_0008.jpg,Muhammad_Ali,Muhammad_Ali_0008.jpg,anomaly_unknown,1,1,anomaly_unknown,0.07957226,1,anomaly_unknown
/kaggle/input/datasets/jessicali9530/lfw-dataset/lfw-deepfunneled/lfw-deepfunneled/Kevin_Costner/Kevin_Costner_0005.jpg,Kevin_Costner,Kevin_Costner_0005.jpg,anomaly_unknown,1,1,anomaly_unknown,0.07409441,1,anomaly_unknown
/kaggle/input/datasets/jessicali9530/lfw-dataset/lfw-deepfunneled/lfw-deepfunneled/Princess_Caroline/Princess_Caroline_0005.jpg,Princess_Caroline,Princess_Caroline_0005.jpg,anomaly_unknown,1,1,anomaly_unknown,0.08217648,1,anomaly_unknown
/kaggle/input/datasets/jessicali9530/lfw-dataset/lfw-deepfunneled/lfw-deepfunneled/Colin_Powell/Colin_Powell_0118.jpg,Colin_Powell,Colin_Powell_0118.jpg,normal_authorised,0,0,normal_authorised,0.06799172,1,anomaly_unknown
/kaggle/input/datasets/jessicali9530/lfw-dataset/lfw-deepfunneled/lfw-deepfunneled/George_W_Bush/George_W_Bush_0021.jpg,George_W_Bush,George_W_Bush_0021.jpg,normal_authorised,0,0,normal_authorised,0.056560162,1,anomaly_unknown
/kaggle/input/datasets/jessicali9530/lfw-dataset/lfw-deepfunneled/lfw-deepfunneled/George_W_Bush/George_W_Bush_0443.jpg,George_W_Bush,George_W_Bush_0443.jpg,normal_authorised,0,0,normal_authorised,0.08066412,1,anomaly_unknown
/kaggle/input/datasets/jessicali9530/lfw-dataset/lfw-deepfunneled/lfw-deepfunneled/Dennis_Franchione/Dennis_Franchione_0001.jpg,Dennis_Franchione,Dennis_Franchione_0001.jpg,anomaly_unknown,1,1,anomaly_unknown,0.08344471,1,anomaly_unknown
/kaggle/input/datasets/jessicali9530/lfw-dataset/lfw-deepfunneled/lfw-deepfunneled/George_W_Bush/George_W_Bush_0269.jpg,George_W_Bush,George_W_Bush_0269.jpg,normal_authorised,0,0,normal_authorised,0.07274662,1,anomaly_unknown
/kaggle/input/datasets/jessicali9530/lfw-dataset/lfw-deepfunneled/lfw-deepfunneled/Michel_Therrien/Michel_Therrien_0001.jpg,Michel_Therrien,Michel_Therrien_0001.jpg,anomaly_unknown,1,1,anomaly_unknown,0.05248128,1,anomaly_unknown
/kaggle/input/datasets/jessicali9530/lfw-dataset/lfw-deepfunneled/lfw-deepfunneled/Janusz_Kaminski/Janusz_Kaminski_0001.jpg,Janusz_Kaminski,Janusz_Kaminski_0001.jpg,anomaly_unknown,1,1,anomaly_unknown,0.062535375,1,anomaly_unknown
/kaggle/input/datasets/jessicali9530/lfw-dataset/lfw-deepfunneled/lfw-deepfunneled/Tony_Blair/Tony_Blair_0045.jpg,Tony_Blair,Tony_Blair_0045.jpg,normal_authorised,0,0,normal_authorised,0.057420246,1,anomaly_unknown
/kaggle/input/datasets/jessicali9530/lfw-dataset/lfw-deepfunneled/lfw-deepfunneled/Bill_Gates/Bill_Gates_0017.jpg,Bill_Gates,Bill_Gates_0017.jpg,anomaly_unknown,1,1,anomaly_unknown,0.05101891,1,anomaly_unknown
/kaggle/input/datasets/jessicali9530/lfw-dataset/lfw-deepfunneled/lfw-deepfunneled/George_W_Bush/George_W_Bush_0264.jpg,George_W_Bush,George_W_Bush_0264.jpg,normal_authorised,0,0,normal_authorised,0.06809255,1,anomaly_unknown
/kaggle/input/datasets/jessicali9530/lfw-dataset/lfw-deepfunneled/lfw-deepfunneled/Jack_Nicholson/Jack_Nicholson_0001.jpg,Jack_Nicholson,Jack_Nicholson_0001.jpg,anomaly_unknown,1,1,anomaly_unknown,0.07981582,1,anomaly_unknown
/kaggle/input/datasets/jessicali9530/lfw-dataset/lfw-deepfunneled/lfw-deepfunneled/Carlos_Quintanilla_Schmidt/Carlos_Quintanilla_Schmidt_0002.jpg,Carlos_Quintanilla_Schmidt,Carlos_Quintanilla_Schmidt_0002.jpg,anomaly_unknown,1,1,anomaly_unknown,0.070643105,1,anomaly_unknown
/kaggle/input/datasets/jessicali9530/lfw-dataset/lfw-deepfunneled/lfw-deepfunneled/Guillermo_Coria/Guillermo_Coria_0015.jpg,Guillermo_Coria,Guillermo_Coria_0015.jpg,anomaly_unknown,1,1,anomaly_unknown,0.065051354,1,anomaly_unknown
/kaggle/input/datasets/jessicali9530/lfw-dataset/lfw-deepfunneled/lfw-deepfunneled/Ana_Palacio/Ana_Palacio_0008.jpg,Ana_Palacio,Ana_Palacio_0008.jpg,anomaly_unknown,1,1,anomaly_unknown,0.03909954,1,anomaly_unknown
/kaggle/input/datasets/jessicali9530/lfw-dataset/lfw-deepfunneled/lfw-deepfunneled/George_W_Bush/George_W_Bush_0081.jpg,George_W_Bush,George_W_Bush_0081.jpg,normal_authorised,0,0,normal_authorised,0.050455,1,anomaly_unknown
/kaggle/input/datasets/jessicali9530/lfw-dataset/lfw-deepfunneled/lfw-deepfunneled/Tim_Duncan/Tim_Duncan_0003.jpg,Tim_Duncan,Tim_Duncan_0003.jpg,anomaly_unknown,1,1,anomaly_unknown,0.06321541,1,anomaly_unknown
/kaggle/input/datasets/jessicali9530/lfw-dataset/lfw-deepfunneled/lfw-deepfunneled/George_W_Bush/George_W_Bush_0090.jpg,George_W_Bush,George_W_Bush_0090.jpg,normal_authorised,0,0,normal_authorised,0.057808306,1,anomaly_unknown
/kaggle/input/datasets/jessicali9530/lfw-dataset/lfw-deepfunneled/lfw-deepfunneled/Gerhard_Schroeder/Gerhard_Schroeder_0047.jpg,Gerhard_Schroeder,Gerhard_Schroeder_0047.jpg,normal_authorised,0,0,normal_authorised,0.07942219,1,anomaly_unknown
/kaggle/input/datasets/jessicali9530/lfw-dataset/lfw-deepfunneled/lfw-deepfunneled/Gerhard_Schroeder/Gerhard_Schroeder_0008.jpg,Gerhard_Schroeder,Gerhard_Schroeder_0008.jpg,normal_authorised,0,0,normal_authorised,0.061020903,1,anomaly_unknown
/kaggle/input/datasets/jessicali9530/lfw-dataset/lfw-deepfunneled/lfw-deepfunneled/Colin_Powell/Colin_Powell_0053.jpg,Colin_Powell,Colin_Powell_0053.jpg,normal_authorised,0,0,normal_authorised,0.061292797,1,anomaly_unknown
/kaggle/input/datasets/jessicali9530/lfw-dataset/lfw-deepfunneled/lfw-deepfunneled/Nancy_Pelosi/Nancy_Pelosi_0007.jpg,Nancy_Pelosi,Nancy_Pelosi_0007.jpg,anomaly_unknown,1,1,anomaly_unknown,0.0870676,1,anomaly_unknown
/kaggle/input/datasets/jessicali9530/lfw-dataset/lfw-deepfunneled/lfw-deepfunneled/George_W_Bush/George_W_Bush_0477.jpg,George_W_Bush,George_W_Bush_0477.jpg,normal_authorised,0,0,normal_authorised,0.0677614,1,anomaly_unknown
/kaggle/input/datasets/jessicali9530/lfw-dataset/lfw-deepfunneled/lfw-deepfunneled/John_Ashcroft/John_Ashcroft_0038.jpg,John_Ashcroft,John_Ashcroft_0038.jpg,anomaly_unknown,1,1,anomaly_unknown,0.07210957,1,anomaly_unknown
/kaggle/input/datasets/jessicali9530/lfw-dataset/lfw-deepfunneled/lfw-deepfunneled/Priyanka_Chopra/Priyanka_Chopra_0001.jpg,Priyanka_Chopra,Priyanka_Chopra_0001.jpg,anomaly_unknown,1,1,anomaly_unknown,0.05668591,1,anomaly_unknown
/kaggle/input/datasets/jessicali9530/lfw-dataset/lfw-deepfunneled/lfw-deepfunneled/Steve_Alford/Steve_Alford_0001.jpg,Steve_Alford,Steve_Alford_0001.jpg,anomaly_unknown,1,1,anomaly_unknown,0.044979557,1,anomaly_unknown
/kaggle/input/datasets/jessicali9530/lfw-dataset/lfw-deepfunneled/lfw-deepfunneled/Gerhard_Schroeder/Gerhard_Schroeder_0085.jpg,Gerhard_Schroeder,Gerhard_Schroeder_0085.jpg,normal_authorised,0,0,normal_authorised,0.06535689,1,anomaly_unknown
/kaggle/input/datasets/jessicali9530/lfw-dataset/lfw-deepfunneled/lfw-deepfunneled/George_W_Bush/George_W_Bush_0425.jpg,George_W_Bush,George_W_Bush_0425.jpg,normal_authorised,0,0,normal_authorised,0.067230485,1,anomaly_unknown
/kaggle/input/datasets/jessicali9530/lfw-dataset/lfw-deepfunneled/lfw-deepfunneled/Tommy_Franks/Tommy_Franks_0013.jpg,Tommy_Franks,Tommy_Franks_0013.jpg,anomaly_unknown,1,1,anomaly_unknown,0.07390967,1,anomaly_unknown
/kaggle/input/datasets/jessicali9530/lfw-dataset/lfw-deepfunneled/lfw-deepfunneled/Winona_Ryder/Winona_Ryder_0006.jpg,Winona_Ryder,Winona_Ryder_0006.jpg,anomaly_unknown,1,1,anomaly_unknown,0.06898031,1,anomaly_unknown
/kaggle/input/datasets/jessicali9530/lfw-dataset/lfw-deepfunneled/lfw-deepfunneled/Keith_Bogans/Keith_Bogans_0003.jpg,Keith_Bogans,Keith_Bogans_0003.jpg,anomaly_unknown,1,1,anomaly_unknown,0.04577973,1,anomaly_unknown
/kaggle/input/datasets/jessicali9530/lfw-dataset/lfw-deepfunneled/lfw-deepfunneled/Gerhard_Schroeder/Gerhard_Schroeder_0011.jpg,Gerhard_Schroeder,Gerhard_Schroeder_0011.jpg,normal_authorised,0,0,normal_authorised,0.062838964,1,anomaly_unknown
